issue_number,draw_date,red_balls,blue_balls
12159,2012-06-14,"9,5,7",
12160,2012-06-15,"9,7,0",
12161,2012-06-16,"5,3,2",
12162,2012-06-17,"2,4,3",
12163,2012-06-18,"6,9,3",
12164,2012-06-19,"7,1,8",
12165,2012-06-20,"0,4,6",
12166,2012-06-21,"8,6,2",
12167,2012-06-22,"2,8,9",
12168,2012-06-23,"6,5,1",
12169,2012-06-24,"7,2,0",
12170,2012-06-25,"7,8,8",
12171,2012-06-26,"7,3,5",
12172,2012-06-27,"4,3,7",
12173,2012-06-28,"5,9,7",
12174,2012-06-29,"2,1,8",
12175,2012-06-30,"0,5,8",
12176,2012-07-01,"4,0,0",
12177,2012-07-02,"0,1,8",
12178,2012-07-03,"3,5,7",
12179,2012-07-04,"1,4,5",
12180,2012-07-05,"9,9,0",
12181,2012-07-06,"6,9,3",
12182,2012-07-07,"4,5,6",
12183,2012-07-08,"7,9,5",
12184,2012-07-09,"1,6,9",
12185,2012-07-10,"4,6,0",
12186,2012-07-11,"6,7,3",
12187,2012-07-12,"9,6,2",
12188,2012-07-13,"6,3,8",
12189,2012-07-14,"4,1,8",
12190,2012-07-15,"3,1,3",
12191,2012-07-16,"5,8,4",
12192,2012-07-17,"5,7,6",
12193,2012-07-18,"2,6,9",
12194,2012-07-19,"1,5,9",
12195,2012-07-20,"2,1,3",
12196,2012-07-21,"9,9,3",
12197,2012-07-22,"5,4,6",
12198,2012-07-23,"1,1,2",
12199,2012-07-24,"8,4,9",
12200,2012-07-25,"2,8,2",
12201,2012-07-26,"7,9,0",
12202,2012-07-27,"1,0,2",
12203,2012-07-28,"1,7,6",
12204,2012-07-29,"3,6,1",
12205,2012-07-30,"9,7,8",
12206,2012-07-31,"6,0,8",
12207,2012-08-01,"7,9,0",
12208,2012-08-02,"7,5,7",
12209,2012-08-03,"2,2,7",
12210,2012-08-04,"5,7,4",
12211,2012-08-05,"4,2,7",
12212,2012-08-06,"1,4,4",
12213,2012-08-07,"6,8,1",
12214,2012-08-08,"3,2,1",
12215,2012-08-09,"0,3,8",
12216,2012-08-10,"7,7,5",
12217,2012-08-11,"8,7,1",
12218,2012-08-12,"1,7,0",
12219,2012-08-13,"9,3,5",
12220,2012-08-14,"0,9,9",
12221,2012-08-15,"3,3,5",
12222,2012-08-16,"2,4,0",
12223,2012-08-17,"3,6,0",
12224,2012-08-18,"5,4,0",
12225,2012-08-19,"4,5,3",
12226,2012-08-20,"0,1,0",
12227,2012-08-21,"7,2,1",
12228,2012-08-22,"0,8,1",
12229,2012-08-23,"4,6,1",
12230,2012-08-24,"6,4,4",
12231,2012-08-25,"7,6,3",
12232,2012-08-26,"1,4,7",
12233,2012-08-27,"2,5,0",
12234,2012-08-28,"6,1,1",
12235,2012-08-29,"4,6,0",
12236,2012-08-30,"9,2,9",
12237,2012-08-31,"0,4,9",
12238,2012-09-01,"0,9,7",
12239,2012-09-02,"0,7,1",
12240,2012-09-03,"0,6,3",
12241,2012-09-04,"5,0,2",
12242,2012-09-05,"9,6,8",
12243,2012-09-06,"1,4,5",
12244,2012-09-07,"4,5,3",
12245,2012-09-08,"2,3,2",
12246,2012-09-09,"5,7,1",
12247,2012-09-10,"1,1,4",
12248,2012-09-11,"9,4,0",
12249,2012-09-12,"5,7,5",
12250,2012-09-13,"9,9,9",
12251,2012-09-14,"1,0,8",
12252,2012-09-15,"8,9,2",
12253,2012-09-16,"8,9,3",
12254,2012-09-17,"6,7,9",
12255,2012-09-18,"4,0,4",
12256,2012-09-19,"0,9,2",
12257,2012-09-20,"3,5,5",
12258,2012-09-21,"7,9,4",
12259,2012-09-22,"0,8,1",
12260,2012-09-23,"4,5,7",
12261,2012-09-24,"6,8,6",
12262,2012-09-25,"5,0,6",
12263,2012-09-26,"4,3,6",
12264,2012-09-27,"0,9,2",
12265,2012-09-28,"8,6,5",
12266,2012-09-29,"1,0,0",
12267,2012-09-30,"4,4,6",
12268,2012-10-01,"6,3,0",
12269,2012-10-02,"1,5,3",
12270,2012-10-03,"5,2,1",
12271,2012-10-04,"6,5,6",
12272,2012-10-05,"9,7,3",
12273,2012-10-06,"7,0,6",
12274,2012-10-07,"5,6,7",
12275,2012-10-08,"3,6,1",
12276,2012-10-09,"1,7,9",
12277,2012-10-10,"9,1,1",
12278,2012-10-11,"6,6,3",
12279,2012-10-12,"9,5,4",
12280,2012-10-13,"0,6,3",
12281,2012-10-14,"0,9,6",
12282,2012-10-15,"0,1,0",
12283,2012-10-16,"1,5,4",
12284,2012-10-17,"5,6,0",
12285,2012-10-18,"6,0,5",
12286,2012-10-19,"0,4,4",
12287,2012-10-20,"2,3,1",
12288,2012-10-21,"5,7,6",
12289,2012-10-22,"8,8,4",
12290,2012-10-23,"9,7,4",
12291,2012-10-24,"0,2,1",
12292,2012-10-25,"2,0,3",
12293,2012-10-26,"0,8,6",
12294,2012-10-27,"1,3,7",
12295,2012-10-28,"2,9,5",
12296,2012-10-29,"4,8,9",
12297,2012-10-30,"8,1,4",
12298,2012-10-31,"8,3,3",
12299,2012-11-01,"0,8,7",
12300,2012-11-02,"9,5,4",
12301,2012-11-03,"5,7,9",
12302,2012-11-04,"3,4,3",
12303,2012-11-05,"5,8,5",
12304,2012-11-06,"4,1,9",
12305,2012-11-07,"7,2,1",
12306,2012-11-08,"3,3,7",
12307,2012-11-09,"6,8,7",
12308,2012-11-10,"2,9,9",
12309,2012-11-11,"2,8,7",
12310,2012-11-12,"6,4,4",
12311,2012-11-13,"6,4,4",
12312,2012-11-14,"0,5,6",
12313,2012-11-15,"1,3,8",
12314,2012-11-16,"6,2,4",
12315,2012-11-17,"0,0,7",
12316,2012-11-18,"7,0,8",
12317,2012-11-19,"1,7,7",
12318,2012-11-20,"8,3,6",
12319,2012-11-21,"0,5,1",
12320,2012-11-22,"0,0,9",
12321,2012-11-23,"1,3,3",
12322,2012-11-24,"1,7,6",
12323,2012-11-25,"8,9,9",
12324,2012-11-26,"8,8,8",
12325,2012-11-27,"1,0,4",
12326,2012-11-28,"8,9,6",
12327,2012-11-29,"4,4,6",
12328,2012-11-30,"8,1,4",
12329,2012-12-01,"6,1,1",
12330,2012-12-02,"2,1,9",
12331,2012-12-03,"0,8,9",
12332,2012-12-04,"8,2,2",
12333,2012-12-05,"0,2,5",
12334,2012-12-06,"5,2,4",
12335,2012-12-07,"8,9,3",
12336,2012-12-08,"5,5,7",
12337,2012-12-09,"4,6,2",
12338,2012-12-10,"3,3,1",
12339,2012-12-11,"2,7,4",
12340,2012-12-12,"6,5,4",
12341,2012-12-13,"4,7,2",
12342,2012-12-14,"4,9,2",
12343,2012-12-15,"7,2,2",
12344,2012-12-16,"4,8,8",
12345,2012-12-17,"3,9,0",
12346,2012-12-18,"4,3,7",
12347,2012-12-19,"4,1,9",
12348,2012-12-20,"8,2,1",
12349,2012-12-21,"0,4,1",
12350,2012-12-22,"8,9,6",
12351,2012-12-23,"9,9,2",
12352,2012-12-24,"9,4,4",
12353,2012-12-25,"4,6,9",
12354,2012-12-26,"1,8,3",
12355,2012-12-27,"3,6,9",
12356,2012-12-28,"4,6,2",
12357,2012-12-29,"1,1,1",
12358,2012-12-30,"0,1,2",
12359,2012-12-31,"1,4,6",
13001,2013-01-01,"5,2,4",
13002,2013-01-02,"5,9,9",
13003,2013-01-03,"7,2,4",
13004,2013-01-04,"1,8,4",
13005,2013-01-05,"4,6,8",
13006,2013-01-06,"8,5,3",
13007,2013-01-07,"6,2,6",
13008,2013-01-08,"5,9,9",
13009,2013-01-09,"5,7,4",
13010,2013-01-10,"6,8,8",
13011,2013-01-11,"6,1,8",
13012,2013-01-12,"7,6,0",
13013,2013-01-13,"2,9,2",
13014,2013-01-14,"2,6,6",
13015,2013-01-15,"6,4,7",
13016,2013-01-16,"7,0,8",
13017,2013-01-17,"3,5,9",
13018,2013-01-18,"8,2,4",
13019,2013-01-19,"5,6,7",
13020,2013-01-20,"9,6,3",
13021,2013-01-21,"7,1,9",
13022,2013-01-22,"7,4,4",
13023,2013-01-23,"6,7,2",
13024,2013-01-24,"8,5,9",
13025,2013-01-25,"3,2,2",
13026,2013-01-26,"8,9,5",
13027,2013-01-27,"4,9,0",
13028,2013-01-28,"0,7,2",
13029,2013-01-29,"7,2,2",
13030,2013-01-30,"3,5,4",
13031,2013-01-31,"5,9,3",
13032,2013-02-01,"8,9,8",
13033,2013-02-02,"3,2,5",
13034,2013-02-03,"6,9,0",
13035,2013-02-04,"4,4,6",
13036,2013-02-05,"9,2,1",
13037,2013-02-06,"3,6,5",
13038,2013-02-07,"8,0,6",
13039,2013-02-08,"9,1,1",
13040,2013-02-16,"8,9,8",
13041,2013-02-17,"9,8,6",
13042,2013-02-18,"0,9,1",
13043,2013-02-19,"5,3,0",
13044,2013-02-20,"7,3,1",
13045,2013-02-21,"2,9,9",
13046,2013-02-22,"4,4,6",
13047,2013-02-23,"0,7,2",
13048,2013-02-24,"2,6,3",
13049,2013-02-25,"7,2,8",
13050,2013-02-26,"2,2,1",
13051,2013-02-27,"6,5,2",
13052,2013-02-28,"6,4,2",
13053,2013-03-01,"2,1,2",
13054,2013-03-02,"7,3,2",
13055,2013-03-03,"0,5,3",
13056,2013-03-04,"4,8,1",
13057,2013-03-05,"6,3,9",
13058,2013-03-06,"2,4,8",
13059,2013-03-07,"9,5,4",
13060,2013-03-08,"5,3,0",
13061,2013-03-09,"1,0,6",
13062,2013-03-10,"1,4,3",
13063,2013-03-11,"8,8,2",
13064,2013-03-12,"4,6,5",
13065,2013-03-13,"2,2,2",
13066,2013-03-14,"1,5,8",
13067,2013-03-15,"0,4,4",
13068,2013-03-16,"2,4,4",
13069,2013-03-17,"1,1,9",
13070,2013-03-18,"1,4,9",
13071,2013-03-19,"0,4,0",
13072,2013-03-20,"3,3,0",
13073,2013-03-21,"0,4,3",
13074,2013-03-22,"8,5,8",
13075,2013-03-23,"9,5,4",
13076,2013-03-24,"5,4,5",
13077,2013-03-25,"9,1,1",
13078,2013-03-26,"6,6,6",
13079,2013-03-27,"1,5,4",
13080,2013-03-28,"2,3,7",
13081,2013-03-29,"8,4,2",
13082,2013-03-30,"5,4,6",
13083,2013-03-31,"7,5,2",
13084,2013-04-01,"1,2,5",
13085,2013-04-02,"5,2,7",
13086,2013-04-03,"6,7,9",
13087,2013-04-04,"0,0,7",
13088,2013-04-05,"8,0,6",
13089,2013-04-06,"0,3,0",
13090,2013-04-07,"1,4,3",
13091,2013-04-08,"0,2,2",
13092,2013-04-09,"6,9,1",
13093,2013-04-10,"4,7,3",
13094,2013-04-11,"5,0,2",
13095,2013-04-12,"5,0,2",
13096,2013-04-13,"3,4,2",
13097,2013-04-14,"4,9,3",
13098,2013-04-15,"2,4,9",
13099,2013-04-16,"0,7,8",
13100,2013-04-17,"7,6,4",
13101,2013-04-18,"2,3,8",
13102,2013-04-19,"8,6,2",
13103,2013-04-20,"9,7,9",
13104,2013-04-21,"8,4,5",
13105,2013-04-22,"8,2,0",
13106,2013-04-23,"5,1,1",
13107,2013-04-24,"7,6,0",
13108,2013-04-25,"3,2,0",
13109,2013-04-26,"0,6,2",
13110,2013-04-27,"1,6,4",
13111,2013-04-28,"1,8,1",
13112,2013-04-29,"6,0,6",
13113,2013-04-30,"5,9,3",
13114,2013-05-01,"2,4,6",
13115,2013-05-02,"9,8,8",
13116,2013-05-03,"0,4,7",
13117,2013-05-04,"8,2,9",
13118,2013-05-05,"4,0,5",
13119,2013-05-06,"0,9,9",
13120,2013-05-07,"2,9,0",
13121,2013-05-08,"5,6,5",
13122,2013-05-09,"8,7,7",
13123,2013-05-10,"0,5,7",
13124,2013-05-11,"3,6,3",
13125,2013-05-12,"4,4,3",
13126,2013-05-13,"6,3,0",
13127,2013-05-14,"5,3,9",
13128,2013-05-15,"0,8,2",
13129,2013-05-16,"0,8,6",
13130,2013-05-17,"0,4,3",
13131,2013-05-18,"3,9,2",
13132,2013-05-19,"1,0,4",
13133,2013-05-20,"0,2,2",
13134,2013-05-21,"2,6,0",
13135,2013-05-22,"3,4,9",
13136,2013-05-23,"5,6,8",
13137,2013-05-24,"1,0,2",
13138,2013-05-25,"0,4,0",
13139,2013-05-26,"0,3,2",
13140,2013-05-27,"8,5,7",
13141,2013-05-28,"4,6,2",
13142,2013-05-29,"9,1,4",
13143,2013-05-30,"8,6,2",
13144,2013-05-31,"1,5,2",
13145,2013-06-01,"2,8,0",
13146,2013-06-02,"7,2,1",
13147,2013-06-03,"6,2,2",
13148,2013-06-04,"8,0,3",
13149,2013-06-05,"9,3,6",
13150,2013-06-06,"0,3,6",
13151,2013-06-07,"8,7,6",
13152,2013-06-08,"4,3,8",
13153,2013-06-09,"2,7,0",
13154,2013-06-10,"9,5,4",
13155,2013-06-11,"0,9,6",
13156,2013-06-12,"1,2,8",
13157,2013-06-13,"5,8,8",
13158,2013-06-14,"4,7,0",
13159,2013-06-15,"5,5,4",
13160,2013-06-16,"0,3,6",
13161,2013-06-17,"1,3,3",
13162,2013-06-18,"1,9,9",
13163,2013-06-19,"1,4,2",
13164,2013-06-20,"9,5,1",
13165,2013-06-21,"5,8,1",
13166,2013-06-22,"4,4,4",
13167,2013-06-23,"3,4,1",
13168,2013-06-24,"8,4,4",
13169,2013-06-25,"2,7,3",
13170,2013-06-26,"4,7,8",
13171,2013-06-27,"0,2,7",
13172,2013-06-28,"2,1,9",
13173,2013-06-29,"3,8,4",
13174,2013-06-30,"2,6,1",
13175,2013-07-01,"6,5,2",
13176,2013-07-02,"6,4,1",
13177,2013-07-03,"3,9,6",
13178,2013-07-04,"6,2,4",
13179,2013-07-05,"5,1,1",
13180,2013-07-06,"6,6,9",
13181,2013-07-07,"1,5,3",
13182,2013-07-08,"6,5,8",
13183,2013-07-09,"4,5,2",
13184,2013-07-10,"8,2,9",
13185,2013-07-11,"2,8,6",
13186,2013-07-12,"5,9,2",
13187,2013-07-13,"2,6,6",
13188,2013-07-14,"6,5,4",
13189,2013-07-15,"2,9,5",
13190,2013-07-16,"1,5,7",
13191,2013-07-17,"4,7,3",
13192,2013-07-18,"5,5,6",
13193,2013-07-19,"7,7,5",
13194,2013-07-20,"5,0,8",
13195,2013-07-21,"5,0,0",
13196,2013-07-22,"6,6,6",
13197,2013-07-23,"2,8,0",
13198,2013-07-24,"5,5,3",
13199,2013-07-25,"6,6,1",
13200,2013-07-26,"4,6,8",
13201,2013-07-27,"2,2,8",
13202,2013-07-28,"1,3,7",
13203,2013-07-29,"0,3,1",
13204,2013-07-30,"4,9,9",
13205,2013-07-31,"8,4,3",
13206,2013-08-01,"1,7,3",
13207,2013-08-02,"9,5,9",
13208,2013-08-03,"4,2,1",
13209,2013-08-04,"5,6,2",
13210,2013-08-05,"5,3,9",
13211,2013-08-06,"7,3,4",
13212,2013-08-07,"1,4,3",
13213,2013-08-08,"3,3,8",
13214,2013-08-09,"7,7,9",
13215,2013-08-10,"5,4,1",
13216,2013-08-11,"0,0,5",
13217,2013-08-12,"8,9,8",
13218,2013-08-13,"1,4,7",
13219,2013-08-14,"5,2,7",
13220,2013-08-15,"3,0,0",
13221,2013-08-16,"6,0,9",
13222,2013-08-17,"6,0,5",
13223,2013-08-18,"5,7,1",
13224,2013-08-19,"0,0,0",
13225,2013-08-20,"9,5,2",
13226,2013-08-21,"0,8,3",
13227,2013-08-22,"5,5,9",
13228,2013-08-23,"7,5,6",
13229,2013-08-24,"2,9,0",
13230,2013-08-25,"4,5,2",
13231,2013-08-26,"0,5,9",
13232,2013-08-27,"6,4,7",
13233,2013-08-28,"4,2,2",
13234,2013-08-29,"5,6,5",
13235,2013-08-30,"9,0,9",
13236,2013-08-31,"5,5,7",
13237,2013-09-01,"6,8,2",
13238,2013-09-02,"6,9,5",
13239,2013-09-03,"6,9,2",
13240,2013-09-04,"7,5,1",
13241,2013-09-05,"8,6,6",
13242,2013-09-06,"5,1,1",
13243,2013-09-07,"4,8,1",
13244,2013-09-08,"6,4,2",
13245,2013-09-09,"3,0,4",
13246,2013-09-10,"2,7,4",
13247,2013-09-11,"6,7,3",
13248,2013-09-12,"4,7,7",
13249,2013-09-13,"6,9,0",
13250,2013-09-14,"7,1,4",
13251,2013-09-15,"6,5,9",
13252,2013-09-16,"9,7,8",
13253,2013-09-17,"6,8,7",
13254,2013-09-18,"8,3,8",
13255,2013-09-19,"0,1,5",
13256,2013-09-20,"2,8,6",
13257,2013-09-21,"6,2,7",
13258,2013-09-22,"9,3,0",
13259,2013-09-23,"0,4,4",
13260,2013-09-24,"8,5,4",
13261,2013-09-25,"5,6,3",
13262,2013-09-26,"4,3,3",
13263,2013-09-27,"5,2,1",
13264,2013-09-28,"0,3,5",
13265,2013-09-29,"8,2,1",
13266,2013-09-30,"9,2,6",
13267,2013-10-01,"9,1,5",
13268,2013-10-02,"8,3,1",
13269,2013-10-03,"3,0,5",
13270,2013-10-04,"2,5,3",
13271,2013-10-05,"7,9,1",
13272,2013-10-06,"6,9,0",
13273,2013-10-07,"4,1,8",
13274,2013-10-08,"6,9,5",
13275,2013-10-09,"1,6,5",
13276,2013-10-10,"8,4,5",
13277,2013-10-11,"4,5,3",
13278,2013-10-12,"3,9,3",
13279,2013-10-13,"9,0,0",
13280,2013-10-14,"5,7,5",
13281,2013-10-15,"9,9,7",
13282,2013-10-16,"9,0,1",
13283,2013-10-17,"3,1,4",
13284,2013-10-18,"8,5,4",
13285,2013-10-19,"5,7,1",
13286,2013-10-20,"2,4,7",
13287,2013-10-21,"9,0,9",
13288,2013-10-22,"9,2,6",
13289,2013-10-23,"6,0,7",
13290,2013-10-24,"6,6,3",
13291,2013-10-25,"5,5,6",
13292,2013-10-26,"9,4,9",
13293,2013-10-27,"4,2,1",
13294,2013-10-28,"7,3,2",
13295,2013-10-29,"8,2,0",
13296,2013-10-30,"5,5,7",
13297,2013-10-31,"3,8,9",
13298,2013-11-01,"3,3,7",
13299,2013-11-02,"0,8,7",
13300,2013-11-03,"1,9,2",
13301,2013-11-04,"3,7,6",
13302,2013-11-05,"3,1,6",
13303,2013-11-06,"8,2,0",
13304,2013-11-07,"0,1,4",
13305,2013-11-08,"2,3,8",
13306,2013-11-09,"1,2,0",
13307,2013-11-10,"5,9,8",
13308,2013-11-11,"2,5,7",
13309,2013-11-12,"3,0,8",
13310,2013-11-13,"8,7,3",
13311,2013-11-14,"6,9,4",
13312,2013-11-15,"4,6,9",
13313,2013-11-16,"7,1,3",
13314,2013-11-17,"7,0,0",
13315,2013-11-18,"4,9,7",
13316,2013-11-19,"8,3,2",
13317,2013-11-20,"4,5,5",
13318,2013-11-21,"7,8,0",
13319,2013-11-22,"9,1,8",
13320,2013-11-23,"3,8,8",
13321,2013-11-24,"8,0,0",
13322,2013-11-25,"1,5,7",
13323,2013-11-26,"5,2,5",
13324,2013-11-27,"1,6,9",
13325,2013-11-28,"7,7,5",
13326,2013-11-29,"3,3,1",
13327,2013-11-30,"7,7,5",
13328,2013-12-01,"9,0,1",
13329,2013-12-02,"3,5,8",
13330,2013-12-03,"8,9,3",
13331,2013-12-04,"1,8,9",
13332,2013-12-05,"7,2,6",
13333,2013-12-06,"6,6,5",
13334,2013-12-07,"4,3,9",
13335,2013-12-08,"8,5,2",
13336,2013-12-09,"1,6,6",
13337,2013-12-10,"3,2,6",
13338,2013-12-11,"5,4,9",
13339,2013-12-12,"9,5,8",
13340,2013-12-13,"4,1,4",
13341,2013-12-14,"1,5,6",
13342,2013-12-15,"2,5,4",
13343,2013-12-16,"6,6,1",
13344,2013-12-17,"1,1,0",
13345,2013-12-18,"0,6,7",
13346,2013-12-19,"7,6,7",
13347,2013-12-20,"7,9,7",
13348,2013-12-21,"5,6,6",
13349,2013-12-22,"8,3,3",
13350,2013-12-23,"0,5,2",
13351,2013-12-24,"2,1,1",
13352,2013-12-25,"4,5,4",
13353,2013-12-26,"5,8,9",
13354,2013-12-27,"9,9,7",
13355,2013-12-28,"0,3,0",
13356,2013-12-29,"8,0,0",
13357,2013-12-30,"1,5,4",
13358,2013-12-31,"9,8,8",
14001,2014-01-01,"9,6,3",
14002,2014-01-02,"3,7,5",
14003,2014-01-03,"6,1,2",
14004,2014-01-04,"9,2,9",
14005,2014-01-05,"1,2,1",
14006,2014-01-06,"3,4,4",
14007,2014-01-07,"4,2,4",
14008,2014-01-08,"1,3,4",
14009,2014-01-09,"6,1,8",
14010,2014-01-10,"4,1,6",
14011,2014-01-11,"5,3,7",
14012,2014-01-12,"9,0,2",
14013,2014-01-13,"6,0,0",
14014,2014-01-14,"5,3,5",
14015,2014-01-15,"1,7,5",
14016,2014-01-16,"9,8,2",
14017,2014-01-17,"0,7,1",
14018,2014-01-18,"0,2,1",
14019,2014-01-19,"4,3,0",
14020,2014-01-20,"1,8,2",
14021,2014-01-21,"3,5,4",
14022,2014-01-22,"6,0,3",
14023,2014-01-23,"6,4,9",
14024,2014-01-24,"2,2,4",
14025,2014-01-25,"2,0,7",
14026,2014-01-26,"1,0,7",
14027,2014-01-27,"7,2,7",
14028,2014-01-28,"4,4,0",
14029,2014-01-29,"6,0,5",
14030,2014-02-07,"4,0,5",
14031,2014-02-08,"8,9,1",
14032,2014-02-09,"2,6,6",
14033,2014-02-10,"9,4,9",
14034,2014-02-11,"5,1,8",
14035,2014-02-12,"4,6,7",
14036,2014-02-13,"1,0,4",
14037,2014-02-14,"1,8,5",
14038,2014-02-15,"2,9,1",
14039,2014-02-16,"9,2,2",
14040,2014-02-17,"9,0,1",
14041,2014-02-18,"7,2,5",
14042,2014-02-19,"3,6,3",
14043,2014-02-20,"5,0,1",
14044,2014-02-21,"3,5,4",
14045,2014-02-22,"7,4,7",
14046,2014-02-23,"5,8,4",
14047,2014-02-24,"8,9,8",
14048,2014-02-25,"8,6,1",
14049,2014-02-26,"9,0,8",
14050,2014-02-27,"4,2,4",
14051,2014-02-28,"5,3,6",
14052,2014-03-01,"0,3,2",
14053,2014-03-02,"8,1,2",
14054,2014-03-03,"7,2,5",
14055,2014-03-04,"8,0,7",
14056,2014-03-05,"6,7,8",
14057,2014-03-06,"5,0,1",
14058,2014-03-07,"3,2,2",
14059,2014-03-08,"4,2,9",
14060,2014-03-09,"9,3,2",
14061,2014-03-10,"2,2,5",
14062,2014-03-11,"3,8,2",
14063,2014-03-12,"4,7,8",
14064,2014-03-13,"2,1,8",
14065,2014-03-14,"2,9,0",
14066,2014-03-15,"0,0,3",
14067,2014-03-16,"3,1,8",
14068,2014-03-17,"1,0,2",
14069,2014-03-18,"0,6,4",
14070,2014-03-19,"1,1,9",
14071,2014-03-20,"2,9,2",
14072,2014-03-21,"4,8,8",
14073,2014-03-22,"0,4,2",
14074,2014-03-23,"5,0,0",
14075,2014-03-24,"4,1,4",
14076,2014-03-25,"3,8,2",
14077,2014-03-26,"7,4,7",
14078,2014-03-27,"4,6,7",
14079,2014-03-28,"7,9,4",
14080,2014-03-29,"5,8,7",
14081,2014-03-30,"2,0,6",
14082,2014-03-31,"3,2,4",
14083,2014-04-01,"0,9,3",
14084,2014-04-02,"9,8,7",
14085,2014-04-03,"2,4,3",
14086,2014-04-04,"7,9,5",
14087,2014-04-05,"8,4,4",
14088,2014-04-06,"5,7,1",
14089,2014-04-07,"6,6,0",
14090,2014-04-08,"8,3,8",
14091,2014-04-09,"4,9,6",
14092,2014-04-10,"5,0,8",
14093,2014-04-11,"1,9,6",
14094,2014-04-12,"1,8,9",
14095,2014-04-13,"7,7,5",
14096,2014-04-14,"2,1,6",
14097,2014-04-15,"7,7,4",
14098,2014-04-16,"1,3,9",
14099,2014-04-17,"4,6,4",
14100,2014-04-18,"2,6,9",
14101,2014-04-19,"1,0,9",
14102,2014-04-20,"7,5,0",
14103,2014-04-21,"8,3,2",
14104,2014-04-22,"5,7,6",
14105,2014-04-23,"4,9,0",
14106,2014-04-24,"0,8,2",
14107,2014-04-25,"6,3,9",
14108,2014-04-26,"1,6,8",
14109,2014-04-27,"6,5,2",
14110,2014-04-28,"4,7,5",
14111,2014-04-29,"9,0,5",
14112,2014-04-30,"0,1,3",
14113,2014-05-01,"7,5,8",
14114,2014-05-02,"2,1,4",
14115,2014-05-03,"1,6,5",
14116,2014-05-04,"9,0,6",
14117,2014-05-05,"8,9,5",
14118,2014-05-06,"1,9,4",
14119,2014-05-07,"9,0,4",
14120,2014-05-08,"2,4,4",
14121,2014-05-09,"5,8,0",
14122,2014-05-10,"2,0,3",
14123,2014-05-11,"8,3,1",
14124,2014-05-12,"3,9,5",
14125,2014-05-13,"1,4,7",
14126,2014-05-14,"8,4,8",
14127,2014-05-15,"2,2,7",
14128,2014-05-16,"2,1,5",
14129,2014-05-17,"0,8,8",
14130,2014-05-18,"0,1,4",
14131,2014-05-19,"5,9,4",
14132,2014-05-20,"3,5,1",
14133,2014-05-21,"0,0,6",
14134,2014-05-22,"6,3,3",
14135,2014-05-23,"1,4,4",
14136,2014-05-24,"2,6,8",
14137,2014-05-25,"5,5,8",
14138,2014-05-26,"3,8,7",
14139,2014-05-27,"1,3,8",
14140,2014-05-28,"7,6,6",
14141,2014-05-29,"8,1,0",
14142,2014-05-30,"6,5,6",
14143,2014-05-31,"6,7,5",
14144,2014-06-01,"8,6,5",
14145,2014-06-02,"4,1,5",
14146,2014-06-03,"8,1,8",
14147,2014-06-04,"1,4,2",
14148,2014-06-05,"2,9,5",
14149,2014-06-06,"6,8,9",
14150,2014-06-07,"0,2,8",
14151,2014-06-08,"9,8,7",
14152,2014-06-09,"0,2,8",
14153,2014-06-10,"3,0,8",
14154,2014-06-11,"2,6,8",
14155,2014-06-12,"2,1,3",
14156,2014-06-13,"1,5,9",
14157,2014-06-14,"0,7,9",
14158,2014-06-15,"3,7,0",
14159,2014-06-16,"0,9,0",
14160,2014-06-17,"9,2,8",
14161,2014-06-18,"5,5,0",
14162,2014-06-19,"7,2,9",
14163,2014-06-20,"3,0,2",
14164,2014-06-21,"9,9,3",
14165,2014-06-22,"1,5,2",
14166,2014-06-23,"0,9,9",
14167,2014-06-24,"7,6,5",
14168,2014-06-25,"1,9,8",
14169,2014-06-26,"1,0,4",
14170,2014-06-27,"2,5,7",
14171,2014-06-28,"6,3,0",
14172,2014-06-29,"9,5,9",
14173,2014-06-30,"8,8,8",
14174,2014-07-01,"4,0,9",
14175,2014-07-02,"6,9,1",
14176,2014-07-03,"0,3,4",
14177,2014-07-04,"5,8,0",
14178,2014-07-05,"9,0,9",
14179,2014-07-06,"2,6,4",
14180,2014-07-07,"7,5,9",
14181,2014-07-08,"7,2,7",
14182,2014-07-09,"7,5,3",
14183,2014-07-10,"7,7,4",
14184,2014-07-11,"5,2,3",
14185,2014-07-12,"4,5,2",
14186,2014-07-13,"6,0,5",
14187,2014-07-14,"3,2,6",
14188,2014-07-15,"3,0,2",
14189,2014-07-16,"5,5,0",
14190,2014-07-17,"5,3,7",
14191,2014-07-18,"7,5,7",
14192,2014-07-19,"5,3,9",
14193,2014-07-20,"5,1,3",
14194,2014-07-21,"0,4,6",
14195,2014-07-22,"8,4,0",
14196,2014-07-23,"4,6,0",
14197,2014-07-24,"9,7,4",
14198,2014-07-25,"8,9,3",
14199,2014-07-26,"2,5,1",
14200,2014-07-27,"0,2,5",
14201,2014-07-28,"8,3,4",
14202,2014-07-29,"4,7,5",
14203,2014-07-30,"4,1,1",
14204,2014-07-31,"5,6,4",
14205,2014-08-01,"9,0,7",
14206,2014-08-02,"9,0,6",
14207,2014-08-03,"1,4,7",
14208,2014-08-04,"7,7,8",
14209,2014-08-05,"7,1,2",
14210,2014-08-06,"4,0,5",
14211,2014-08-07,"2,0,5",
14212,2014-08-08,"0,5,6",
14213,2014-08-09,"7,7,5",
14214,2014-08-10,"2,1,4",
14215,2014-08-11,"6,0,9",
14216,2014-08-12,"0,3,3",
14217,2014-08-13,"1,3,7",
14218,2014-08-14,"8,0,8",
14219,2014-08-15,"2,9,5",
14220,2014-08-16,"4,4,9",
14221,2014-08-17,"2,7,2",
14222,2014-08-18,"5,0,4",
14223,2014-08-19,"8,0,4",
14224,2014-08-20,"6,9,6",
14225,2014-08-21,"7,9,2",
14226,2014-08-22,"1,9,3",
14227,2014-08-23,"3,2,6",
14228,2014-08-24,"2,4,3",
14229,2014-08-25,"4,7,4",
14230,2014-08-26,"0,8,3",
14231,2014-08-27,"4,6,3",
14232,2014-08-28,"6,1,4",
14233,2014-08-29,"9,2,1",
14234,2014-08-30,"0,7,1",
14235,2014-08-31,"7,4,8",
14236,2014-09-01,"8,4,1",
14237,2014-09-02,"6,8,5",
14238,2014-09-03,"4,1,9",
14239,2014-09-04,"7,2,4",
14240,2014-09-05,"8,6,4",
14241,2014-09-06,"8,5,8",
14242,2014-09-07,"2,4,5",
14243,2014-09-08,"7,9,9",
14244,2014-09-09,"3,0,2",
14245,2014-09-10,"6,1,9",
14246,2014-09-11,"2,2,2",
14247,2014-09-12,"2,2,9",
14248,2014-09-13,"4,4,1",
14249,2014-09-14,"8,1,0",
14250,2014-09-15,"1,7,7",
14251,2014-09-16,"4,2,1",
14252,2014-09-17,"5,5,7",
14253,2014-09-18,"4,4,1",
14254,2014-09-19,"9,2,4",
14255,2014-09-20,"6,9,1",
14256,2014-09-21,"7,7,1",
14257,2014-09-22,"6,6,6",
14258,2014-09-23,"4,5,2",
14259,2014-09-24,"1,1,0",
14260,2014-09-25,"3,6,6",
14261,2014-09-26,"4,1,2",
14262,2014-09-27,"2,1,9",
14263,2014-09-28,"8,5,7",
14264,2014-09-29,"1,0,7",
14265,2014-09-30,"4,5,9",
14266,2014-10-01,"5,0,6",
14267,2014-10-02,"1,4,9",
14268,2014-10-03,"7,4,0",
14269,2014-10-04,"0,3,2",
14270,2014-10-05,"6,5,8",
14271,2014-10-06,"7,7,0",
14272,2014-10-07,"4,1,7",
14273,2014-10-08,"5,8,5",
14274,2014-10-09,"4,7,5",
14275,2014-10-10,"2,8,6",
14276,2014-10-11,"4,9,7",
14277,2014-10-12,"5,1,3",
14278,2014-10-13,"7,3,9",
14279,2014-10-14,"5,9,2",
14280,2014-10-15,"1,3,1",
14281,2014-10-16,"7,9,4",
14282,2014-10-17,"5,9,0",
14283,2014-10-18,"3,4,3",
14284,2014-10-19,"0,1,8",
14285,2014-10-20,"8,2,6",
14286,2014-10-21,"9,8,8",
14287,2014-10-22,"2,7,5",
14288,2014-10-23,"2,4,5",
14289,2014-10-24,"0,4,8",
14290,2014-10-25,"4,3,3",
14291,2014-10-26,"4,8,8",
14292,2014-10-27,"8,4,1",
14293,2014-10-28,"3,5,9",
14294,2014-10-29,"8,1,5",
14295,2014-10-30,"7,9,4",
14296,2014-10-31,"3,9,9",
14297,2014-11-01,"8,8,8",
14298,2014-11-02,"2,8,0",
14299,2014-11-03,"5,3,2",
14300,2014-11-04,"2,9,0",
14301,2014-11-05,"5,2,4",
14302,2014-11-06,"8,6,2",
14303,2014-11-07,"0,7,8",
14304,2014-11-08,"7,5,0",
14305,2014-11-09,"0,0,4",
14306,2014-11-10,"1,3,1",
14307,2014-11-11,"2,9,6",
14308,2014-11-12,"1,8,0",
14309,2014-11-13,"3,8,2",
14310,2014-11-14,"4,8,9",
14311,2014-11-15,"2,9,6",
14312,2014-11-16,"3,7,7",
14313,2014-11-17,"4,0,2",
14314,2014-11-18,"7,9,5",
14315,2014-11-19,"1,5,3",
14316,2014-11-20,"3,7,1",
14317,2014-11-21,"0,5,9",
14318,2014-11-22,"5,9,4",
14319,2014-11-23,"6,9,6",
14320,2014-11-24,"2,3,6",
14321,2014-11-25,"6,5,2",
14322,2014-11-26,"9,6,9",
14323,2014-11-27,"8,2,6",
14324,2014-11-28,"5,8,9",
14325,2014-11-29,"0,3,7",
14326,2014-11-30,"8,8,1",
14327,2014-12-01,"3,5,4",
14328,2014-12-02,"5,4,3",
14329,2014-12-03,"3,5,9",
14330,2014-12-04,"7,8,0",
14331,2014-12-05,"7,1,3",
14332,2014-12-06,"6,6,6",
14333,2014-12-07,"6,9,5",
14334,2014-12-08,"3,9,4",
14335,2014-12-09,"9,0,1",
14336,2014-12-10,"7,5,3",
14337,2014-12-11,"6,6,2",
14338,2014-12-12,"3,9,8",
14339,2014-12-13,"5,8,9",
14340,2014-12-14,"1,2,9",
14341,2014-12-15,"7,1,1",
14342,2014-12-16,"9,7,6",
14343,2014-12-17,"6,8,7",
14344,2014-12-18,"0,9,7",
14345,2014-12-19,"5,1,2",
14346,2014-12-20,"2,0,4",
14347,2014-12-21,"9,8,2",
14348,2014-12-22,"1,6,8",
14349,2014-12-23,"6,6,1",
14350,2014-12-24,"2,6,6",
14351,2014-12-25,"6,8,8",
14352,2014-12-26,"0,6,0",
14353,2014-12-27,"3,5,5",
14354,2014-12-28,"0,6,9",
14355,2014-12-29,"9,5,0",
14356,2014-12-30,"7,8,6",
14357,2014-12-31,"3,6,2",
15001,2015-01-01,"3,9,7",
15002,2015-01-02,"7,4,9",
15003,2015-01-03,"5,2,4",
15004,2015-01-04,"1,4,2",
15005,2015-01-05,"6,9,3",
15006,2015-01-06,"9,4,7",
15007,2015-01-07,"0,3,9",
15008,2015-01-08,"6,1,3",
15009,2015-01-09,"5,7,4",
15010,2015-01-10,"8,6,2",
15011,2015-01-11,"3,1,8",
15012,2015-01-12,"8,6,4",
15013,2015-01-13,"4,1,2",
15014,2015-01-14,"4,0,3",
15015,2015-01-15,"8,4,5",
15016,2015-01-16,"2,9,0",
15017,2015-01-17,"8,8,0",
15018,2015-01-18,"8,3,1",
15019,2015-01-19,"9,1,4",
15020,2015-01-20,"2,1,6",
15021,2015-01-21,"3,3,9",
15022,2015-01-22,"7,5,8",
15023,2015-01-23,"4,9,6",
15024,2015-01-24,"6,0,6",
15025,2015-01-25,"3,8,1",
15026,2015-01-26,"8,3,3",
15027,2015-01-27,"2,8,1",
15028,2015-01-28,"3,5,7",
15029,2015-01-29,"9,2,7",
15030,2015-01-30,"8,2,0",
15031,2015-01-31,"5,2,4",
15032,2015-02-01,"4,1,3",
15033,2015-02-02,"9,8,6",
15034,2015-02-03,"0,4,9",
15035,2015-02-04,"6,7,4",
15036,2015-02-05,"8,7,1",
15037,2015-02-06,"1,5,1",
15038,2015-02-07,"9,2,2",
15039,2015-02-08,"5,4,8",
15040,2015-02-09,"4,6,6",
15041,2015-02-10,"5,3,8",
15042,2015-02-11,"2,3,2",
15043,2015-02-12,"7,5,1",
15044,2015-02-13,"7,2,5",
15045,2015-02-14,"5,7,7",
15046,2015-02-15,"3,0,5",
15047,2015-02-16,"8,0,0",
15048,2015-02-17,"0,8,5",
15049,2015-02-25,"2,5,1",
15050,2015-02-26,"0,3,9",
15051,2015-02-27,"9,5,1",
15052,2015-02-28,"5,9,8",
15053,2015-03-01,"7,4,7",
15054,2015-03-02,"0,6,3",
15055,2015-03-03,"9,6,9",
15056,2015-03-04,"8,1,3",
15057,2015-03-05,"7,7,9",
15058,2015-03-06,"8,8,9",
15059,2015-03-07,"0,2,4",
15060,2015-03-08,"4,4,7",
15061,2015-03-09,"9,1,8",
15062,2015-03-10,"0,6,8",
15063,2015-03-11,"1,3,8",
15064,2015-03-12,"5,2,7",
15065,2015-03-13,"6,9,6",
15066,2015-03-14,"2,0,8",
15067,2015-03-15,"7,1,8",
15068,2015-03-16,"5,5,9",
15069,2015-03-17,"9,8,6",
15070,2015-03-18,"4,1,8",
15071,2015-03-19,"7,5,9",
15072,2015-03-20,"7,9,3",
15073,2015-03-21,"9,4,2",
15074,2015-03-22,"4,4,1",
15075,2015-03-23,"4,2,3",
15076,2015-03-24,"9,3,7",
15077,2015-03-25,"9,6,5",
15078,2015-03-26,"1,1,4",
15079,2015-03-27,"5,2,8",
15080,2015-03-28,"3,2,0",
15081,2015-03-29,"6,0,3",
15082,2015-03-30,"2,5,5",
15083,2015-03-31,"0,1,3",
15084,2015-04-01,"9,4,1",
15085,2015-04-02,"4,1,6",
15086,2015-04-03,"9,3,0",
15087,2015-04-04,"0,1,3",
15088,2015-04-05,"1,0,8",
15089,2015-04-06,"6,5,4",
15090,2015-04-07,"6,8,4",
15091,2015-04-08,"7,9,5",
15092,2015-04-09,"7,0,3",
15093,2015-04-10,"6,0,2",
15094,2015-04-11,"5,4,6",
15095,2015-04-12,"2,3,7",
15096,2015-04-13,"2,1,8",
15097,2015-04-14,"6,8,8",
15098,2015-04-15,"4,1,3",
15099,2015-04-16,"7,7,1",
15100,2015-04-17,"5,3,6",
15101,2015-04-18,"6,3,3",
15102,2015-04-19,"3,9,5",
15103,2015-04-20,"4,9,9",
15104,2015-04-21,"9,8,6",
15105,2015-04-22,"7,0,0",
15106,2015-04-23,"6,8,8",
15107,2015-04-24,"7,1,0",
15108,2015-04-25,"8,6,5",
15109,2015-04-26,"6,4,9",
15110,2015-04-27,"8,2,4",
15111,2015-04-28,"9,7,2",
15112,2015-04-29,"9,7,1",
15113,2015-04-30,"7,7,7",
15114,2015-05-01,"3,1,0",
15115,2015-05-02,"6,2,3",
15116,2015-05-03,"7,6,8",
15117,2015-05-04,"7,6,0",
15118,2015-05-05,"2,7,3",
15119,2015-05-06,"6,1,4",
15120,2015-05-07,"8,7,4",
15121,2015-05-08,"6,4,0",
15122,2015-05-09,"6,7,5",
15123,2015-05-10,"5,9,0",
15124,2015-05-11,"5,1,3",
15125,2015-05-12,"5,4,4",
15126,2015-05-13,"2,1,1",
15127,2015-05-14,"0,8,1",
15128,2015-05-15,"8,9,2",
15129,2015-05-16,"2,3,2",
15130,2015-05-17,"5,1,2",
15131,2015-05-18,"7,7,4",
15132,2015-05-19,"3,9,3",
15133,2015-05-20,"9,5,6",
15134,2015-05-21,"1,5,6",
15135,2015-05-22,"0,2,7",
15136,2015-05-23,"8,8,4",
15137,2015-05-24,"2,2,9",
15138,2015-05-25,"4,7,3",
15139,2015-05-26,"8,1,1",
15140,2015-05-27,"6,7,7",
15141,2015-05-28,"9,2,9",
15142,2015-05-29,"2,9,6",
15143,2015-05-30,"2,4,0",
15144,2015-05-31,"0,5,4",
15145,2015-06-01,"6,2,7",
15146,2015-06-02,"3,1,8",
15147,2015-06-03,"0,7,5",
15148,2015-06-04,"1,6,1",
15149,2015-06-05,"0,8,4",
15150,2015-06-06,"7,7,5",
15151,2015-06-07,"4,5,5",
15152,2015-06-08,"6,8,1",
15153,2015-06-09,"0,8,8",
15154,2015-06-10,"2,2,4",
15155,2015-06-11,"4,0,5",
15156,2015-06-12,"9,7,3",
15157,2015-06-13,"0,8,4",
15158,2015-06-14,"7,6,3",
15159,2015-06-15,"7,2,2",
15160,2015-06-16,"1,7,3",
15161,2015-06-17,"6,6,2",
15162,2015-06-18,"0,7,6",
15163,2015-06-19,"6,4,6",
15164,2015-06-20,"3,9,2",
15165,2015-06-21,"3,8,9",
15166,2015-06-22,"5,3,3",
15167,2015-06-23,"3,5,6",
15168,2015-06-24,"7,4,4",
15169,2015-06-25,"1,6,0",
15170,2015-06-26,"9,0,0",
15171,2015-06-27,"4,1,0",
15172,2015-06-28,"4,0,6",
15173,2015-06-29,"5,3,7",
15174,2015-06-30,"9,3,4",
15175,2015-07-01,"6,1,6",
15176,2015-07-02,"7,6,2",
15177,2015-07-03,"0,7,0",
15178,2015-07-04,"7,2,0",
15179,2015-07-05,"5,3,5",
15180,2015-07-06,"0,2,0",
15181,2015-07-07,"8,6,8",
15182,2015-07-08,"7,8,4",
15183,2015-07-09,"6,5,3",
15184,2015-07-10,"2,9,1",
15185,2015-07-11,"7,9,8",
15186,2015-07-12,"7,8,5",
15187,2015-07-13,"0,5,8",
15188,2015-07-14,"3,1,9",
15189,2015-07-15,"7,6,2",
15190,2015-07-16,"6,8,8",
15191,2015-07-17,"5,1,4",
15192,2015-07-18,"6,6,6",
15193,2015-07-19,"7,0,2",
15194,2015-07-20,"2,7,7",
15195,2015-07-21,"9,4,6",
15196,2015-07-22,"8,6,2",
15197,2015-07-23,"4,0,2",
15198,2015-07-24,"3,1,3",
15199,2015-07-25,"8,6,7",
15200,2015-07-26,"9,3,4",
15201,2015-07-27,"0,6,3",
15202,2015-07-28,"3,9,5",
15203,2015-07-29,"6,4,7",
15204,2015-07-30,"0,6,8",
15205,2015-07-31,"2,1,2",
15206,2015-08-01,"8,8,1",
15207,2015-08-02,"3,3,8",
15208,2015-08-03,"3,5,3",
15209,2015-08-04,"7,2,7",
15210,2015-08-05,"7,2,8",
15211,2015-08-06,"9,5,1",
15212,2015-08-07,"6,1,4",
15213,2015-08-08,"0,5,5",
15214,2015-08-09,"1,9,0",
15215,2015-08-10,"1,5,4",
15216,2015-08-11,"2,5,4",
15217,2015-08-12,"2,4,2",
15218,2015-08-13,"2,3,2",
15219,2015-08-14,"1,9,2",
15220,2015-08-15,"3,2,8",
15221,2015-08-16,"7,8,1",
15222,2015-08-17,"4,3,8",
15223,2015-08-18,"3,8,7",
15224,2015-08-19,"6,4,1",
15225,2015-08-20,"8,5,9",
15226,2015-08-21,"4,4,0",
15227,2015-08-22,"4,4,2",
15228,2015-08-23,"3,1,2",
15229,2015-08-24,"9,9,1",
15230,2015-08-25,"7,2,7",
15231,2015-08-26,"5,0,9",
15232,2015-08-27,"5,3,2",
15233,2015-08-28,"9,8,3",
15234,2015-08-29,"4,3,6",
15235,2015-08-30,"4,6,5",
15236,2015-08-31,"9,1,0",
15237,2015-09-01,"3,0,4",
15238,2015-09-02,"1,2,7",
15239,2015-09-03,"9,3,1",
15240,2015-09-04,"6,8,9",
15241,2015-09-05,"6,5,1",
15242,2015-09-06,"6,7,8",
15243,2015-09-07,"0,0,8",
15244,2015-09-08,"3,5,0",
15245,2015-09-09,"9,8,7",
15246,2015-09-10,"7,7,8",
15247,2015-09-11,"0,6,5",
15248,2015-09-12,"2,5,1",
15249,2015-09-13,"4,6,1",
15250,2015-09-14,"7,1,3",
15251,2015-09-15,"4,9,4",
15252,2015-09-16,"4,5,1",
15253,2015-09-17,"2,9,2",
15254,2015-09-18,"3,4,3",
15255,2015-09-19,"4,3,0",
15256,2015-09-20,"1,5,6",
15257,2015-09-21,"0,2,3",
15258,2015-09-22,"3,7,4",
15259,2015-09-23,"9,5,2",
15260,2015-09-24,"2,5,8",
15261,2015-09-25,"8,3,3",
15262,2015-09-26,"2,5,2",
15263,2015-09-27,"2,1,6",
15264,2015-09-28,"1,7,3",
15265,2015-09-29,"9,2,5",
15266,2015-09-30,"0,8,4",
15267,2015-10-01,"6,5,2",
15268,2015-10-02,"8,0,8",
15269,2015-10-03,"2,5,8",
15270,2015-10-04,"1,1,5",
15271,2015-10-05,"9,7,9",
15272,2015-10-06,"4,1,9",
15273,2015-10-07,"2,5,4",
15274,2015-10-08,"3,0,6",
15275,2015-10-09,"9,3,4",
15276,2015-10-10,"8,9,1",
15277,2015-10-11,"4,8,3",
15278,2015-10-12,"0,1,1",
15279,2015-10-13,"2,1,7",
15280,2015-10-14,"9,8,8",
15281,2015-10-15,"0,9,0",
15282,2015-10-16,"4,9,2",
15283,2015-10-17,"2,3,4",
15284,2015-10-18,"6,3,2",
15285,2015-10-19,"4,2,1",
15286,2015-10-20,"0,7,4",
15287,2015-10-21,"0,5,0",
15288,2015-10-22,"8,4,2",
15289,2015-10-23,"5,2,9",
15290,2015-10-24,"0,6,4",
15291,2015-10-25,"1,2,0",
15292,2015-10-26,"2,9,6",
15293,2015-10-27,"4,3,2",
15294,2015-10-28,"0,4,1",
15295,2015-10-29,"3,0,5",
15296,2015-10-30,"9,0,5",
15297,2015-10-31,"4,4,0",
15298,2015-11-01,"5,9,4",
15299,2015-11-02,"6,2,7",
15300,2015-11-03,"8,4,5",
15301,2015-11-04,"4,4,9",
15302,2015-11-05,"6,4,2",
15303,2015-11-06,"4,4,1",
15304,2015-11-07,"2,7,1",
15305,2015-11-08,"5,4,9",
15306,2015-11-09,"2,1,7",
15307,2015-11-10,"0,6,9",
15308,2015-11-11,"3,7,9",
15309,2015-11-12,"0,0,3",
15310,2015-11-13,"2,5,7",
15311,2015-11-14,"2,3,3",
15312,2015-11-15,"4,3,5",
15313,2015-11-16,"5,5,5",
15314,2015-11-17,"0,6,5",
15315,2015-11-18,"7,5,0",
15316,2015-11-19,"0,2,1",
15317,2015-11-20,"8,1,2",
15318,2015-11-21,"3,4,9",
15319,2015-11-22,"6,1,9",
15320,2015-11-23,"8,8,4",
15321,2015-11-24,"8,3,6",
15322,2015-11-25,"6,4,4",
15323,2015-11-26,"1,6,9",
15324,2015-11-27,"7,9,3",
15325,2015-11-28,"9,2,9",
15326,2015-11-29,"8,7,5",
15327,2015-11-30,"4,2,9",
15328,2015-12-01,"4,9,7",
15329,2015-12-02,"6,7,5",
15330,2015-12-03,"0,5,6",
15331,2015-12-04,"7,8,0",
15332,2015-12-05,"6,9,0",
15333,2015-12-06,"3,8,8",
15334,2015-12-07,"0,5,2",
15335,2015-12-08,"5,6,2",
15336,2015-12-09,"6,5,8",
15337,2015-12-10,"9,1,3",
15338,2015-12-11,"9,0,9",
15339,2015-12-12,"9,9,7",
15340,2015-12-13,"8,2,8",
15341,2015-12-14,"6,6,4",
15342,2015-12-15,"5,9,6",
15343,2015-12-16,"5,8,0",
15344,2015-12-17,"2,5,3",
15345,2015-12-18,"2,9,3",
15346,2015-12-19,"7,0,1",
15347,2015-12-20,"1,4,5",
15348,2015-12-21,"8,7,8",
15349,2015-12-22,"7,5,0",
15350,2015-12-23,"8,1,3",
15351,2015-12-24,"9,7,4",
15352,2015-12-25,"9,1,8",
15353,2015-12-26,"3,4,9",
15354,2015-12-27,"3,9,1",
15355,2015-12-28,"8,7,1",
15356,2015-12-29,"3,9,7",
15357,2015-12-30,"4,3,2",
15358,2015-12-31,"0,0,9",
16001,2016-01-01,"8,2,8",
16002,2016-01-02,"5,6,7",
16003,2016-01-03,"5,7,3",
16004,2016-01-04,"5,4,3",
16005,2016-01-05,"4,3,9",
16006,2016-01-06,"1,0,1",
16007,2016-01-07,"1,7,4",
16008,2016-01-08,"9,6,7",
16009,2016-01-09,"6,4,8",
16010,2016-01-10,"8,2,3",
16011,2016-01-11,"4,6,1",
16012,2016-01-12,"5,3,0",
16013,2016-01-13,"0,1,9",
16014,2016-01-14,"9,2,5",
16015,2016-01-15,"6,8,6",
16016,2016-01-16,"8,4,1",
16017,2016-01-17,"8,6,1",
16018,2016-01-18,"6,4,6",
16019,2016-01-19,"8,8,3",
16020,2016-01-20,"6,9,3",
16021,2016-01-21,"4,0,2",
16022,2016-01-22,"7,4,4",
16023,2016-01-23,"0,4,1",
16024,2016-01-24,"0,9,1",
16025,2016-01-25,"5,0,0",
16026,2016-01-26,"4,0,3",
16027,2016-01-27,"7,2,9",
16028,2016-01-28,"2,6,2",
16029,2016-01-29,"2,2,5",
16030,2016-01-30,"9,8,8",
16031,2016-01-31,"4,5,7",
16032,2016-02-01,"5,5,5",
16033,2016-02-02,"0,0,2",
16034,2016-02-03,"1,0,2",
16035,2016-02-04,"0,5,1",
16036,2016-02-05,"2,5,8",
16037,2016-02-06,"6,2,4",
16038,2016-02-14,"8,2,3",
16039,2016-02-15,"5,0,3",
16040,2016-02-16,"0,4,7",
16041,2016-02-17,"7,2,0",
16042,2016-02-18,"7,2,9",
16043,2016-02-19,"9,4,4",
16044,2016-02-20,"0,1,2",
16045,2016-02-21,"6,1,2",
16046,2016-02-22,"1,2,6",
16047,2016-02-23,"1,3,2",
16048,2016-02-24,"3,3,7",
16049,2016-02-25,"6,1,8",
16050,2016-02-26,"1,4,0",
16051,2016-02-27,"1,0,2",
16052,2016-02-28,"7,9,2",
16053,2016-02-29,"4,4,7",
16054,2016-03-01,"7,3,6",
16055,2016-03-02,"3,2,3",
16056,2016-03-03,"6,6,5",
16057,2016-03-04,"7,6,4",
16058,2016-03-05,"1,1,9",
16059,2016-03-06,"0,7,8",
16060,2016-03-07,"6,8,6",
16061,2016-03-08,"6,7,5",
16062,2016-03-09,"4,7,7",
16063,2016-03-10,"4,9,1",
16064,2016-03-11,"4,5,5",
16065,2016-03-12,"0,1,6",
16066,2016-03-13,"4,5,5",
16067,2016-03-14,"4,4,5",
16068,2016-03-15,"0,1,3",
16069,2016-03-16,"9,9,5",
16070,2016-03-17,"7,8,9",
16071,2016-03-18,"5,3,0",
16072,2016-03-19,"2,9,9",
16073,2016-03-20,"9,7,2",
16074,2016-03-21,"9,5,1",
16075,2016-03-22,"6,3,7",
16076,2016-03-23,"6,0,6",
16077,2016-03-24,"7,8,2",
16078,2016-03-25,"4,6,7",
16079,2016-03-26,"3,9,0",
16080,2016-03-27,"6,7,0",
16081,2016-03-28,"1,5,0",
16082,2016-03-29,"7,4,8",
16083,2016-03-30,"2,3,4",
16084,2016-03-31,"0,2,3",
16085,2016-04-01,"9,9,7",
16086,2016-04-02,"0,6,5",
16087,2016-04-03,"9,1,7",
16088,2016-04-04,"5,4,7",
16089,2016-04-05,"9,8,3",
16090,2016-04-06,"8,6,7",
16091,2016-04-07,"1,3,3",
16092,2016-04-08,"2,7,3",
16093,2016-04-09,"9,8,2",
16094,2016-04-10,"9,6,0",
16095,2016-04-11,"8,6,9",
16096,2016-04-12,"4,1,0",
16097,2016-04-13,"1,1,1",
16098,2016-04-14,"9,8,2",
16099,2016-04-15,"3,3,2",
16100,2016-04-16,"0,3,7",
16101,2016-04-17,"6,0,3",
16102,2016-04-18,"8,8,5",
16103,2016-04-19,"7,6,2",
16104,2016-04-20,"2,1,9",
16105,2016-04-21,"6,1,1",
16106,2016-04-22,"0,3,7",
16107,2016-04-23,"2,4,0",
16108,2016-04-24,"2,3,6",
16109,2016-04-25,"0,7,1",
16110,2016-04-26,"7,7,2",
16111,2016-04-27,"4,7,6",
16112,2016-04-28,"6,1,1",
16113,2016-04-29,"2,9,7",
16114,2016-04-30,"2,1,8",
16115,2016-05-01,"0,0,2",
16116,2016-05-02,"4,8,8",
16117,2016-05-03,"9,4,5",
16118,2016-05-04,"3,6,9",
16119,2016-05-05,"1,3,9",
16120,2016-05-06,"8,7,7",
16121,2016-05-07,"5,6,4",
16122,2016-05-08,"4,3,6",
16123,2016-05-09,"1,4,7",
16124,2016-05-10,"8,5,6",
16125,2016-05-11,"2,0,1",
16126,2016-05-12,"0,6,3",
16127,2016-05-13,"9,9,7",
16128,2016-05-14,"7,4,4",
16129,2016-05-15,"4,0,5",
16130,2016-05-16,"2,4,7",
16131,2016-05-17,"6,6,5",
16132,2016-05-18,"4,9,1",
16133,2016-05-19,"7,1,1",
16134,2016-05-20,"9,2,3",
16135,2016-05-21,"1,4,4",
16136,2016-05-22,"6,6,5",
16137,2016-05-23,"9,6,6",
16138,2016-05-24,"1,3,3",
16139,2016-05-25,"1,8,8",
16140,2016-05-26,"6,5,6",
16141,2016-05-27,"7,2,0",
16142,2016-05-28,"3,4,7",
16143,2016-05-29,"1,1,2",
16144,2016-05-30,"5,6,8",
16145,2016-05-31,"0,1,4",
16146,2016-06-01,"1,4,5",
16147,2016-06-02,"9,7,6",
16148,2016-06-03,"7,8,7",
16149,2016-06-04,"7,5,7",
16150,2016-06-05,"1,1,4",
16151,2016-06-06,"6,1,6",
16152,2016-06-07,"1,2,5",
16153,2016-06-08,"6,2,2",
16154,2016-06-09,"7,1,2",
16155,2016-06-10,"9,9,9",
16156,2016-06-11,"3,1,6",
16157,2016-06-12,"6,0,3",
16158,2016-06-13,"6,1,7",
16159,2016-06-14,"8,3,5",
16160,2016-06-15,"6,5,7",
16161,2016-06-16,"8,4,5",
16162,2016-06-17,"7,0,8",
16163,2016-06-18,"9,7,0",
16164,2016-06-19,"7,2,3",
16165,2016-06-20,"5,7,1",
16166,2016-06-21,"4,1,2",
16167,2016-06-22,"9,6,9",
16168,2016-06-23,"9,0,0",
16169,2016-06-24,"1,9,6",
16170,2016-06-25,"4,0,9",
16171,2016-06-26,"0,5,8",
16172,2016-06-27,"7,6,0",
16173,2016-06-28,"2,6,2",
16174,2016-06-29,"1,1,1",
16175,2016-06-30,"6,3,0",
16176,2016-07-01,"7,6,5",
16177,2016-07-02,"5,8,5",
16178,2016-07-03,"9,0,0",
16179,2016-07-04,"4,5,6",
16180,2016-07-05,"6,3,2",
16181,2016-07-06,"4,3,7",
16182,2016-07-07,"2,0,0",
16183,2016-07-08,"5,7,3",
16184,2016-07-09,"3,5,9",
16185,2016-07-10,"5,4,2",
16186,2016-07-11,"8,1,1",
16187,2016-07-12,"3,0,7",
16188,2016-07-13,"8,4,2",
16189,2016-07-14,"1,3,1",
16190,2016-07-15,"0,2,6",
16191,2016-07-16,"2,0,8",
16192,2016-07-17,"3,2,5",
16193,2016-07-18,"7,8,3",
16194,2016-07-19,"5,5,7",
16195,2016-07-20,"0,2,4",
16196,2016-07-21,"3,3,9",
16197,2016-07-22,"3,0,0",
16198,2016-07-23,"2,8,9",
16199,2016-07-24,"5,1,0",
16200,2016-07-25,"5,8,3",
16201,2016-07-26,"3,7,4",
16202,2016-07-27,"5,8,4",
16203,2016-07-28,"0,4,4",
16204,2016-07-29,"2,4,4",
16205,2016-07-30,"4,3,5",
16206,2016-07-31,"7,8,8",
16207,2016-08-01,"7,7,5",
16208,2016-08-02,"2,8,4",
16209,2016-08-03,"2,9,9",
16210,2016-08-04,"3,0,5",
16211,2016-08-05,"4,6,3",
16212,2016-08-06,"6,9,3",
16213,2016-08-07,"6,5,8",
16214,2016-08-08,"7,0,9",
16215,2016-08-09,"7,8,7",
16216,2016-08-10,"3,9,8",
16217,2016-08-11,"4,4,9",
16218,2016-08-12,"9,0,0",
16219,2016-08-13,"0,4,7",
16220,2016-08-14,"0,7,3",
16221,2016-08-15,"6,1,2",
16222,2016-08-16,"4,2,5",
16223,2016-08-17,"0,6,3",
16224,2016-08-18,"6,5,6",
16225,2016-08-19,"6,3,6",
16226,2016-08-20,"0,1,6",
16227,2016-08-21,"3,9,7",
16228,2016-08-22,"8,6,5",
16229,2016-08-23,"0,4,2",
16230,2016-08-24,"5,6,6",
16231,2016-08-25,"2,8,5",
16232,2016-08-26,"9,1,6",
16233,2016-08-27,"5,6,8",
16234,2016-08-28,"9,7,6",
16235,2016-08-29,"4,5,0",
16236,2016-08-30,"2,6,3",
16237,2016-08-31,"2,8,4",
16238,2016-09-01,"5,4,3",
16239,2016-09-02,"5,8,5",
16240,2016-09-03,"6,3,9",
16241,2016-09-04,"3,2,0",
16242,2016-09-05,"7,5,2",
16243,2016-09-06,"4,1,6",
16244,2016-09-07,"1,5,3",
16245,2016-09-08,"3,8,9",
16246,2016-09-09,"7,8,2",
16247,2016-09-10,"8,8,2",
16248,2016-09-11,"7,2,7",
16249,2016-09-12,"9,7,3",
16250,2016-09-13,"1,6,2",
16251,2016-09-14,"3,0,6",
16252,2016-09-15,"4,5,9",
16253,2016-09-16,"6,9,1",
16254,2016-09-17,"6,5,2",
16255,2016-09-18,"3,3,5",
16256,2016-09-19,"1,3,7",
16257,2016-09-20,"3,8,9",
16258,2016-09-21,"9,6,1",
16259,2016-09-22,"3,9,6",
16260,2016-09-23,"0,3,8",
16261,2016-09-24,"9,9,4",
16262,2016-09-25,"3,5,8",
16263,2016-09-26,"1,1,0",
16264,2016-09-27,"6,7,1",
16265,2016-09-28,"6,9,5",
16266,2016-09-29,"6,4,0",
16267,2016-09-30,"1,4,1",
16268,2016-10-01,"0,7,6",
16269,2016-10-02,"2,2,1",
16270,2016-10-03,"0,4,2",
16271,2016-10-04,"8,7,5",
16272,2016-10-05,"1,9,6",
16273,2016-10-06,"5,8,3",
16274,2016-10-07,"9,0,5",
16275,2016-10-08,"8,2,0",
16276,2016-10-09,"9,6,4",
16277,2016-10-10,"5,8,4",
16278,2016-10-11,"2,3,2",
16279,2016-10-12,"5,0,6",
16280,2016-10-13,"8,0,2",
16281,2016-10-14,"1,3,6",
16282,2016-10-15,"8,2,8",
16283,2016-10-16,"0,0,4",
16284,2016-10-17,"4,6,7",
16285,2016-10-18,"7,2,8",
16286,2016-10-19,"6,2,3",
16287,2016-10-20,"8,9,0",
16288,2016-10-21,"4,3,0",
16289,2016-10-22,"7,3,6",
16290,2016-10-23,"6,3,1",
16291,2016-10-24,"1,9,6",
16292,2016-10-25,"2,4,0",
16293,2016-10-26,"8,0,4",
16294,2016-10-27,"6,1,2",
16295,2016-10-28,"3,9,2",
16296,2016-10-29,"4,7,9",
16297,2016-10-30,"8,5,3",
16298,2016-10-31,"7,3,3",
16299,2016-11-01,"5,1,7",
16300,2016-11-02,"1,8,9",
16301,2016-11-03,"8,8,8",
16302,2016-11-04,"5,1,8",
16303,2016-11-05,"7,5,1",
16304,2016-11-06,"4,7,0",
16305,2016-11-07,"3,6,8",
16306,2016-11-08,"7,4,0",
16307,2016-11-09,"5,8,6",
16308,2016-11-10,"1,2,6",
16309,2016-11-11,"2,2,5",
16310,2016-11-12,"7,9,4",
16311,2016-11-13,"8,4,1",
16312,2016-11-14,"6,6,4",
16313,2016-11-15,"3,1,4",
16314,2016-11-16,"2,3,5",
16315,2016-11-17,"4,9,7",
16316,2016-11-18,"2,1,4",
16317,2016-11-19,"8,8,6",
16318,2016-11-20,"1,4,2",
16319,2016-11-21,"4,1,9",
16320,2016-11-22,"3,4,9",
16321,2016-11-23,"6,0,6",
16322,2016-11-24,"2,7,1",
16323,2016-11-25,"8,4,0",
16324,2016-11-26,"1,7,3",
16325,2016-11-27,"6,6,8",
16326,2016-11-28,"3,6,3",
16327,2016-11-29,"6,5,6",
16328,2016-11-30,"8,6,5",
16329,2016-12-01,"9,5,1",
16330,2016-12-02,"5,6,4",
16331,2016-12-03,"6,7,3",
16332,2016-12-04,"4,4,5",
16333,2016-12-05,"9,7,5",
16334,2016-12-06,"3,5,5",
16335,2016-12-07,"5,3,8",
16336,2016-12-08,"1,5,0",
16337,2016-12-09,"5,2,8",
16338,2016-12-10,"4,0,1",
16339,2016-12-11,"5,4,8",
16340,2016-12-12,"6,4,8",
16341,2016-12-13,"0,3,9",
16342,2016-12-14,"6,3,3",
16343,2016-12-15,"8,0,7",
16344,2016-12-16,"1,0,3",
16345,2016-12-17,"5,6,2",
16346,2016-12-18,"1,0,0",
16347,2016-12-19,"5,8,9",
16348,2016-12-20,"7,5,7",
16349,2016-12-21,"1,5,4",
16350,2016-12-22,"5,1,9",
16351,2016-12-23,"4,7,5",
16352,2016-12-24,"4,2,4",
16353,2016-12-25,"4,5,3",
16354,2016-12-26,"5,3,3",
16355,2016-12-27,"7,1,9",
16356,2016-12-28,"1,8,0",
16357,2016-12-29,"2,2,2",
16358,2016-12-30,"1,4,3",
16359,2016-12-31,"8,9,6",
17001,2017-01-01,"0,9,2",
17002,2017-01-02,"7,5,8",
17003,2017-01-03,"3,7,4",
17004,2017-01-04,"6,1,6",
17005,2017-01-05,"3,4,2",
17006,2017-01-06,"4,2,6",
17007,2017-01-07,"6,9,2",
17008,2017-01-08,"5,9,7",
17009,2017-01-09,"3,1,7",
17010,2017-01-10,"2,6,1",
17011,2017-01-11,"4,8,6",
17012,2017-01-12,"0,5,9",
17013,2017-01-13,"0,3,9",
17014,2017-01-14,"4,2,8",
17015,2017-01-15,"6,8,6",
17016,2017-01-16,"7,9,6",
17017,2017-01-17,"8,9,7",
17018,2017-01-18,"3,9,7",
17019,2017-01-19,"8,4,4",
17020,2017-01-20,"5,2,6",
17021,2017-01-21,"8,7,4",
17022,2017-01-22,"6,7,7",
17023,2017-01-23,"2,3,7",
17024,2017-01-24,"0,4,3",
17025,2017-01-25,"2,7,7",
17026,2017-01-26,"0,8,1",
17027,2017-02-03,"3,2,5",
17028,2017-02-04,"9,5,5",
17029,2017-02-05,"8,0,4",
17030,2017-02-06,"8,9,6",
17031,2017-02-07,"5,0,2",
17032,2017-02-08,"7,3,8",
17033,2017-02-09,"7,8,5",
17034,2017-02-10,"8,9,5",
17035,2017-02-11,"8,9,0",
17036,2017-02-12,"4,7,2",
17037,2017-02-13,"3,8,0",
17038,2017-02-14,"8,2,3",
17039,2017-02-15,"5,9,8",
17040,2017-02-16,"3,9,5",
17041,2017-02-17,"9,8,2",
17042,2017-02-18,"1,4,9",
17043,2017-02-19,"5,0,8",
17044,2017-02-20,"1,3,8",
17045,2017-02-21,"7,3,5",
17046,2017-02-22,"8,8,7",
17047,2017-02-23,"2,8,3",
17048,2017-02-24,"1,6,4",
17049,2017-02-25,"6,6,5",
17050,2017-02-26,"3,0,7",
17051,2017-02-27,"4,4,4",
17052,2017-02-28,"1,5,9",
17053,2017-03-01,"9,2,1",
17054,2017-03-02,"7,0,2",
17055,2017-03-03,"3,6,6",
17056,2017-03-04,"2,3,2",
17057,2017-03-05,"9,2,1",
17058,2017-03-06,"7,3,0",
17059,2017-03-07,"6,6,2",
17060,2017-03-08,"5,4,6",
17061,2017-03-09,"1,9,8",
17062,2017-03-10,"8,8,7",
17063,2017-03-11,"7,6,8",
17064,2017-03-12,"1,6,5",
17065,2017-03-13,"5,5,2",
17066,2017-03-14,"8,4,8",
17067,2017-03-15,"3,8,2",
17068,2017-03-16,"2,1,7",
17069,2017-03-17,"9,4,6",
17070,2017-03-18,"3,3,3",
17071,2017-03-19,"8,4,2",
17072,2017-03-20,"9,4,8",
17073,2017-03-21,"0,3,1",
17074,2017-03-22,"6,5,6",
17075,2017-03-23,"9,0,0",
17076,2017-03-24,"3,8,9",
17077,2017-03-25,"6,3,4",
17078,2017-03-26,"6,3,3",
17079,2017-03-27,"4,8,5",
17080,2017-03-28,"1,8,8",
17081,2017-03-29,"2,1,0",
17082,2017-03-30,"5,5,3",
17083,2017-03-31,"5,6,4",
17084,2017-04-01,"8,3,6",
17085,2017-04-02,"7,2,2",
17086,2017-04-03,"9,4,4",
17087,2017-04-04,"2,3,7",
17088,2017-04-05,"5,6,1",
17089,2017-04-06,"3,8,9",
17090,2017-04-07,"2,8,3",
17091,2017-04-08,"6,7,6",
17092,2017-04-09,"7,5,9",
17093,2017-04-10,"5,8,0",
17094,2017-04-11,"0,9,8",
17095,2017-04-12,"3,2,3",
17096,2017-04-13,"8,0,9",
17097,2017-04-14,"8,0,6",
17098,2017-04-15,"2,2,8",
17099,2017-04-16,"9,9,6",
17100,2017-04-17,"8,1,3",
17101,2017-04-18,"3,9,0",
17102,2017-04-19,"0,5,9",
17103,2017-04-20,"0,4,4",
17104,2017-04-21,"7,8,2",
17105,2017-04-22,"8,4,6",
17106,2017-04-23,"4,0,2",
17107,2017-04-24,"9,5,1",
17108,2017-04-25,"7,2,7",
17109,2017-04-26,"0,3,0",
17110,2017-04-27,"8,1,5",
17111,2017-04-28,"6,5,8",
17112,2017-04-29,"6,8,6",
17113,2017-04-30,"1,5,7",
17114,2017-05-01,"6,8,1",
17115,2017-05-02,"5,6,7",
17116,2017-05-03,"2,1,3",
17117,2017-05-04,"2,9,9",
17118,2017-05-05,"4,9,9",
17119,2017-05-06,"5,2,2",
17120,2017-05-07,"4,5,8",
17121,2017-05-08,"0,5,4",
17122,2017-05-09,"4,8,6",
17123,2017-05-10,"4,9,2",
17124,2017-05-11,"0,8,1",
17125,2017-05-12,"2,5,5",
17126,2017-05-13,"2,5,8",
17127,2017-05-14,"7,3,9",
17128,2017-05-15,"4,5,2",
17129,2017-05-16,"3,6,5",
17130,2017-05-17,"5,8,9",
17131,2017-05-18,"9,1,9",
17132,2017-05-19,"3,0,5",
17133,2017-05-20,"1,6,6",
17134,2017-05-21,"6,9,7",
17135,2017-05-22,"5,2,5",
17136,2017-05-23,"5,1,0",
17137,2017-05-24,"1,2,2",
17138,2017-05-25,"0,2,0",
17139,2017-05-26,"3,6,0",
17140,2017-05-27,"2,0,4",
17141,2017-05-28,"6,0,4",
17142,2017-05-29,"0,1,3",
17143,2017-05-30,"1,7,7",
17144,2017-05-31,"2,3,9",
17145,2017-06-01,"5,9,1",
17146,2017-06-02,"9,4,2",
17147,2017-06-03,"3,3,1",
17148,2017-06-04,"1,5,2",
17149,2017-06-05,"9,8,7",
17150,2017-06-06,"5,2,9",
17151,2017-06-07,"0,7,8",
17152,2017-06-08,"8,0,2",
17153,2017-06-09,"8,8,5",
17154,2017-06-10,"2,1,5",
17155,2017-06-11,"0,0,4",
17156,2017-06-12,"0,0,7",
17157,2017-06-13,"8,1,8",
17158,2017-06-14,"0,8,3",
17159,2017-06-15,"1,2,3",
17160,2017-06-16,"9,4,6",
17161,2017-06-17,"8,3,0",
17162,2017-06-18,"8,1,4",
17163,2017-06-19,"7,5,9",
17164,2017-06-20,"4,4,7",
17165,2017-06-21,"3,3,0",
17166,2017-06-22,"6,4,4",
17167,2017-06-23,"7,9,5",
17168,2017-06-24,"1,7,5",
17169,2017-06-25,"6,4,4",
17170,2017-06-26,"5,4,4",
17171,2017-06-27,"1,9,0",
17172,2017-06-28,"4,9,6",
17173,2017-06-29,"7,1,2",
17174,2017-06-30,"9,6,0",
17175,2017-07-01,"3,7,6",
17176,2017-07-02,"6,0,2",
17177,2017-07-03,"6,7,0",
17178,2017-07-04,"3,0,3",
17179,2017-07-05,"0,6,6",
17180,2017-07-06,"5,8,6",
17181,2017-07-07,"4,8,4",
17182,2017-07-08,"9,7,5",
17183,2017-07-09,"4,0,9",
17184,2017-07-10,"1,2,9",
17185,2017-07-11,"3,7,0",
17186,2017-07-12,"9,6,7",
17187,2017-07-13,"8,3,1",
17188,2017-07-14,"2,0,9",
17189,2017-07-15,"9,6,0",
17190,2017-07-16,"4,4,6",
17191,2017-07-17,"9,7,8",
17192,2017-07-18,"2,7,9",
17193,2017-07-19,"8,8,0",
17194,2017-07-20,"6,2,5",
17195,2017-07-21,"3,1,9",
17196,2017-07-22,"4,3,6",
17197,2017-07-23,"5,9,4",
17198,2017-07-24,"7,5,4",
17199,2017-07-25,"3,3,0",
17200,2017-07-26,"9,3,5",
17201,2017-07-27,"4,4,5",
17202,2017-07-28,"4,6,1",
17203,2017-07-29,"2,4,3",
17204,2017-07-30,"2,3,2",
17205,2017-07-31,"6,4,9",
17206,2017-08-01,"3,7,5",
17207,2017-08-02,"6,9,7",
17208,2017-08-03,"1,0,8",
17209,2017-08-04,"3,9,1",
17210,2017-08-05,"9,1,1",
17211,2017-08-06,"1,1,6",
17212,2017-08-07,"0,0,2",
17213,2017-08-08,"7,2,7",
17214,2017-08-09,"4,2,3",
17215,2017-08-10,"2,1,2",
17216,2017-08-11,"8,7,1",
17217,2017-08-12,"7,9,6",
17218,2017-08-13,"5,7,3",
17219,2017-08-14,"4,9,3",
17220,2017-08-15,"6,4,3",
17221,2017-08-16,"4,4,7",
17222,2017-08-17,"7,0,7",
17223,2017-08-18,"4,9,6",
17224,2017-08-19,"6,3,4",
17225,2017-08-20,"4,8,8",
17226,2017-08-21,"3,3,5",
17227,2017-08-22,"2,4,7",
17228,2017-08-23,"3,8,9",
17229,2017-08-24,"4,8,7",
17230,2017-08-25,"6,7,4",
17231,2017-08-26,"4,2,0",
17232,2017-08-27,"8,4,4",
17233,2017-08-28,"1,8,7",
17234,2017-08-29,"4,6,6",
17235,2017-08-30,"1,5,6",
17236,2017-08-31,"5,1,5",
17237,2017-09-01,"2,1,0",
17238,2017-09-02,"9,2,1",
17239,2017-09-03,"6,0,5",
17240,2017-09-04,"5,1,7",
17241,2017-09-05,"9,3,9",
17242,2017-09-06,"8,9,3",
17243,2017-09-07,"3,3,5",
17244,2017-09-08,"8,3,2",
17245,2017-09-09,"6,2,3",
17246,2017-09-10,"1,1,1",
17247,2017-09-11,"9,4,5",
17248,2017-09-12,"8,4,9",
17249,2017-09-13,"3,6,1",
17250,2017-09-14,"8,5,6",
17251,2017-09-15,"1,5,1",
17252,2017-09-16,"1,7,8",
17253,2017-09-17,"7,7,8",
17254,2017-09-18,"9,1,5",
17255,2017-09-19,"9,4,8",
17256,2017-09-20,"1,3,2",
17257,2017-09-21,"2,2,3",
17258,2017-09-22,"8,7,1",
17259,2017-09-23,"4,8,7",
17260,2017-09-24,"9,2,9",
17261,2017-09-25,"6,3,5",
17262,2017-09-26,"3,9,1",
17263,2017-09-27,"3,3,5",
17264,2017-09-28,"6,8,0",
17265,2017-09-29,"3,0,9",
17266,2017-09-30,"1,5,1",
17267,2017-10-01,"7,1,4",
17268,2017-10-02,"3,1,7",
17269,2017-10-03,"0,4,5",
17270,2017-10-04,"1,4,1",
17271,2017-10-05,"5,5,0",
17272,2017-10-06,"9,2,1",
17273,2017-10-07,"3,8,0",
17274,2017-10-08,"9,4,6",
17275,2017-10-09,"9,6,5",
17276,2017-10-10,"0,9,3",
17277,2017-10-11,"0,7,6",
17278,2017-10-12,"0,5,7",
17279,2017-10-13,"2,6,2",
17280,2017-10-14,"7,9,7",
17281,2017-10-15,"8,0,8",
17282,2017-10-16,"3,0,2",
17283,2017-10-17,"1,5,4",
17284,2017-10-18,"6,1,8",
17285,2017-10-19,"9,7,7",
17286,2017-10-20,"4,8,1",
17287,2017-10-21,"0,9,4",
17288,2017-10-22,"7,5,6",
17289,2017-10-23,"7,4,4",
17290,2017-10-24,"4,2,3",
17291,2017-10-25,"6,9,4",
17292,2017-10-26,"9,4,6",
17293,2017-10-27,"7,8,7",
17294,2017-10-28,"4,1,8",
17295,2017-10-29,"5,5,4",
17296,2017-10-30,"3,1,8",
17297,2017-10-31,"8,1,0",
17298,2017-11-01,"0,9,9",
17299,2017-11-02,"6,8,5",
17300,2017-11-03,"7,5,4",
17301,2017-11-04,"6,1,6",
17302,2017-11-05,"9,0,2",
17303,2017-11-06,"4,5,8",
17304,2017-11-07,"4,4,4",
17305,2017-11-08,"0,0,5",
17306,2017-11-09,"1,2,5",
17307,2017-11-10,"6,2,3",
17308,2017-11-11,"8,9,1",
17309,2017-11-12,"2,6,2",
17310,2017-11-13,"7,6,1",
17311,2017-11-14,"9,0,0",
17312,2017-11-15,"5,9,8",
17313,2017-11-16,"3,0,6",
17314,2017-11-17,"5,8,0",
17315,2017-11-18,"2,4,3",
17316,2017-11-19,"2,0,2",
17317,2017-11-20,"1,0,3",
17318,2017-11-21,"8,8,3",
17319,2017-11-22,"9,3,9",
17320,2017-11-23,"0,3,6",
17321,2017-11-24,"4,3,5",
17322,2017-11-25,"1,7,3",
17323,2017-11-26,"5,7,2",
17324,2017-11-27,"8,2,8",
17325,2017-11-28,"5,0,9",
17326,2017-11-29,"7,2,3",
17327,2017-11-30,"1,4,5",
17328,2017-12-01,"6,2,1",
17329,2017-12-02,"5,3,5",
17330,2017-12-03,"3,8,5",
17331,2017-12-04,"0,9,8",
17332,2017-12-05,"3,2,1",
17333,2017-12-06,"4,2,7",
17334,2017-12-07,"1,8,1",
17335,2017-12-08,"6,6,1",
17336,2017-12-09,"3,4,0",
17337,2017-12-10,"9,1,0",
17338,2017-12-11,"2,7,9",
17339,2017-12-12,"1,3,1",
17340,2017-12-13,"1,1,2",
17341,2017-12-14,"7,2,2",
17342,2017-12-15,"3,8,6",
17343,2017-12-16,"7,5,2",
17344,2017-12-17,"3,6,5",
17345,2017-12-18,"3,4,4",
17346,2017-12-19,"1,0,3",
17347,2017-12-20,"0,3,7",
17348,2017-12-21,"0,8,7",
17349,2017-12-22,"1,5,6",
17350,2017-12-23,"1,2,8",
17351,2017-12-24,"2,6,0",
17352,2017-12-25,"9,9,4",
17353,2017-12-26,"3,0,4",
17354,2017-12-27,"1,8,7",
17355,2017-12-28,"3,8,4",
17356,2017-12-29,"9,5,2",
17357,2017-12-30,"8,0,9",
17358,2017-12-31,"9,5,1",
18001,2018-01-01,"1,7,7",
18002,2018-01-02,"6,4,4",
18003,2018-01-03,"1,4,5",
18004,2018-01-04,"4,1,6",
18005,2018-01-05,"3,9,1",
18006,2018-01-06,"8,6,9",
18007,2018-01-07,"0,8,0",
18008,2018-01-08,"4,4,7",
18009,2018-01-09,"4,9,6",
18010,2018-01-10,"1,6,7",
18011,2018-01-11,"9,7,2",
18012,2018-01-12,"4,3,7",
18013,2018-01-13,"6,0,6",
18014,2018-01-14,"1,6,1",
18015,2018-01-15,"7,3,9",
18016,2018-01-16,"3,7,4",
18017,2018-01-17,"9,9,0",
18018,2018-01-18,"1,7,4",
18019,2018-01-19,"7,6,0",
18020,2018-01-20,"9,2,1",
18021,2018-01-21,"7,2,6",
18022,2018-01-22,"6,5,6",
18023,2018-01-23,"9,3,6",
18024,2018-01-24,"5,0,6",
18025,2018-01-25,"5,4,3",
18026,2018-01-26,"4,7,6",
18027,2018-01-27,"4,8,9",
18028,2018-01-28,"3,1,3",
18029,2018-01-29,"7,9,0",
18030,2018-01-30,"7,5,3",
18031,2018-01-31,"5,2,5",
18032,2018-02-01,"8,6,0",
18033,2018-02-02,"8,7,0",
18034,2018-02-03,"2,6,3",
18035,2018-02-04,"7,5,2",
18036,2018-02-05,"6,9,3",
18037,2018-02-06,"7,6,8",
18038,2018-02-07,"9,4,7",
18039,2018-02-08,"1,2,5",
18040,2018-02-09,"4,7,8",
18041,2018-02-10,"4,1,1",
18042,2018-02-11,"5,3,7",
18043,2018-02-12,"0,7,9",
18044,2018-02-13,"2,3,7",
18045,2018-02-14,"0,0,9",
18046,2018-02-22,"5,5,1",
18047,2018-02-23,"0,8,8",
18048,2018-02-24,"4,4,4",
18049,2018-02-25,"8,1,8",
18050,2018-02-26,"7,8,0",
18051,2018-02-27,"4,2,4",
18052,2018-02-28,"9,5,8",
18053,2018-03-01,"8,2,7",
18054,2018-03-02,"6,6,3",
18055,2018-03-03,"0,4,3",
18056,2018-03-04,"4,4,6",
18057,2018-03-05,"2,5,2",
18058,2018-03-06,"4,9,7",
18059,2018-03-07,"7,5,5",
18060,2018-03-08,"7,7,4",
18061,2018-03-09,"1,3,4",
18062,2018-03-10,"8,3,6",
18063,2018-03-11,"8,2,0",
18064,2018-03-12,"2,3,4",
18065,2018-03-13,"2,3,8",
18066,2018-03-14,"2,2,6",
18067,2018-03-15,"1,7,1",
18068,2018-03-16,"9,1,1",
18069,2018-03-17,"1,4,1",
18070,2018-03-18,"8,9,0",
18071,2018-03-19,"5,0,3",
18072,2018-03-20,"4,1,2",
18073,2018-03-21,"7,4,8",
18074,2018-03-22,"9,4,1",
18075,2018-03-23,"3,4,2",
18076,2018-03-24,"3,2,8",
18077,2018-03-25,"1,3,7",
18078,2018-03-26,"2,9,4",
18079,2018-03-27,"7,3,8",
18080,2018-03-28,"7,4,9",
18081,2018-03-29,"9,4,8",
18082,2018-03-30,"5,7,4",
18083,2018-03-31,"7,5,2",
18084,2018-04-01,"5,5,4",
18085,2018-04-02,"3,3,4",
18086,2018-04-03,"3,9,1",
18087,2018-04-04,"8,2,7",
18088,2018-04-05,"2,1,2",
18089,2018-04-06,"7,7,3",
18090,2018-04-07,"9,4,2",
18091,2018-04-08,"0,7,1",
18092,2018-04-09,"1,5,3",
18093,2018-04-10,"5,5,3",
18094,2018-04-11,"7,3,4",
18095,2018-04-12,"8,9,4",
18096,2018-04-13,"4,7,5",
18097,2018-04-14,"3,0,4",
18098,2018-04-15,"3,9,4",
18099,2018-04-16,"3,3,2",
18100,2018-04-17,"8,3,0",
18101,2018-04-18,"7,9,8",
18102,2018-04-19,"9,3,8",
18103,2018-04-20,"7,9,6",
18104,2018-04-21,"7,6,7",
18105,2018-04-22,"8,4,5",
18106,2018-04-23,"9,6,0",
18107,2018-04-24,"9,4,7",
18108,2018-04-25,"0,1,0",
18109,2018-04-26,"3,3,1",
18110,2018-04-27,"7,4,6",
18111,2018-04-28,"8,1,7",
18112,2018-04-29,"2,5,6",
18113,2018-04-30,"7,9,8",
18114,2018-05-01,"8,8,7",
18115,2018-05-02,"1,8,0",
18116,2018-05-03,"8,2,0",
18117,2018-05-04,"8,3,6",
18118,2018-05-05,"7,8,6",
18119,2018-05-06,"5,0,5",
18120,2018-05-07,"4,4,2",
18121,2018-05-08,"5,1,4",
18122,2018-05-09,"1,3,7",
18123,2018-05-10,"8,3,0",
18124,2018-05-11,"1,4,1",
18125,2018-05-12,"3,2,8",
18126,2018-05-13,"4,7,8",
18127,2018-05-14,"2,9,7",
18128,2018-05-15,"2,2,9",
18129,2018-05-16,"9,8,2",
18130,2018-05-17,"9,8,9",
18131,2018-05-18,"5,4,8",
18132,2018-05-19,"4,7,0",
18133,2018-05-20,"4,1,4",
18134,2018-05-21,"2,9,9",
18135,2018-05-22,"0,8,6",
18136,2018-05-23,"0,6,4",
18137,2018-05-24,"1,7,7",
18138,2018-05-25,"1,5,3",
18139,2018-05-26,"8,2,8",
18140,2018-05-27,"6,8,0",
18141,2018-05-28,"2,7,9",
18142,2018-05-29,"9,4,9",
18143,2018-05-30,"3,2,2",
18144,2018-05-31,"0,1,9",
18145,2018-06-01,"5,2,3",
18146,2018-06-02,"6,2,3",
18147,2018-06-03,"0,3,8",
18148,2018-06-04,"8,1,9",
18149,2018-06-05,"8,7,1",
18150,2018-06-06,"6,7,5",
18151,2018-06-07,"6,9,4",
18152,2018-06-08,"4,6,9",
18153,2018-06-09,"0,8,3",
18154,2018-06-10,"0,3,1",
18155,2018-06-11,"1,6,0",
18156,2018-06-12,"3,2,2",
18157,2018-06-13,"2,0,9",
18158,2018-06-14,"3,0,0",
18159,2018-06-15,"2,9,4",
18160,2018-06-16,"1,0,8",
18161,2018-06-17,"4,7,3",
18162,2018-06-18,"2,6,0",
18163,2018-06-19,"5,7,0",
18164,2018-06-20,"6,1,0",
18165,2018-06-21,"3,0,2",
18166,2018-06-22,"0,6,1",
18167,2018-06-23,"1,3,2",
18168,2018-06-24,"2,7,5",
18169,2018-06-25,"7,1,6",
18170,2018-06-26,"1,2,7",
18171,2018-06-27,"2,9,7",
18172,2018-06-28,"2,4,7",
18173,2018-06-29,"2,4,2",
18174,2018-06-30,"0,1,9",
18175,2018-07-01,"6,1,2",
18176,2018-07-02,"2,0,7",
18177,2018-07-03,"2,2,2",
18178,2018-07-04,"5,2,8",
18179,2018-07-05,"7,1,3",
18180,2018-07-06,"4,3,3",
18181,2018-07-07,"5,7,3",
18182,2018-07-08,"4,0,0",
18183,2018-07-09,"8,4,4",
18184,2018-07-10,"2,6,1",
18185,2018-07-11,"6,9,6",
18186,2018-07-12,"3,5,0",
18187,2018-07-13,"5,0,7",
18188,2018-07-14,"0,6,8",
18189,2018-07-15,"2,6,9",
18190,2018-07-16,"0,3,1",
18191,2018-07-17,"3,4,0",
18192,2018-07-18,"9,3,9",
18193,2018-07-19,"3,8,2",
18194,2018-07-20,"6,0,5",
18195,2018-07-21,"4,8,4",
18196,2018-07-22,"3,3,2",
18197,2018-07-23,"1,3,3",
18198,2018-07-24,"8,9,3",
18199,2018-07-25,"4,4,2",
18200,2018-07-26,"5,9,8",
18201,2018-07-27,"6,2,9",
18202,2018-07-28,"2,2,4",
18203,2018-07-29,"2,1,6",
18204,2018-07-30,"7,1,3",
18205,2018-07-31,"2,9,8",
18206,2018-08-01,"2,6,7",
18207,2018-08-02,"0,0,6",
18208,2018-08-03,"1,7,5",
18209,2018-08-04,"1,0,0",
18210,2018-08-05,"9,5,6",
18211,2018-08-06,"8,9,3",
18212,2018-08-07,"5,1,5",
18213,2018-08-08,"3,5,5",
18214,2018-08-09,"8,1,7",
18215,2018-08-10,"9,3,9",
18216,2018-08-11,"8,9,0",
18217,2018-08-12,"8,5,6",
18218,2018-08-13,"8,7,7",
18219,2018-08-14,"8,7,1",
18220,2018-08-15,"2,0,8",
18221,2018-08-16,"5,9,8",
18222,2018-08-17,"3,2,3",
18223,2018-08-18,"1,9,7",
18224,2018-08-19,"7,9,1",
18225,2018-08-20,"6,4,8",
18226,2018-08-21,"9,2,9",
18227,2018-08-22,"0,8,8",
18228,2018-08-23,"8,2,9",
18229,2018-08-24,"4,4,3",
18230,2018-08-25,"7,6,4",
18231,2018-08-26,"5,1,6",
18232,2018-08-27,"5,3,1",
18233,2018-08-28,"1,1,1",
18234,2018-08-29,"5,0,5",
18235,2018-08-30,"5,8,4",
18236,2018-08-31,"7,0,3",
18237,2018-09-01,"1,5,7",
18238,2018-09-02,"3,9,2",
18239,2018-09-03,"8,3,7",
18240,2018-09-04,"4,9,2",
18241,2018-09-05,"1,7,0",
18242,2018-09-06,"0,9,7",
18243,2018-09-07,"7,9,0",
18244,2018-09-08,"6,4,9",
18245,2018-09-09,"0,5,1",
18246,2018-09-10,"9,1,6",
18247,2018-09-11,"3,0,3",
18248,2018-09-12,"9,3,9",
18249,2018-09-13,"2,8,9",
18250,2018-09-14,"9,1,7",
18251,2018-09-15,"0,3,0",
18252,2018-09-16,"5,7,8",
18253,2018-09-17,"8,5,2",
18254,2018-09-18,"0,2,1",
18255,2018-09-19,"7,1,0",
18256,2018-09-20,"1,4,7",
18257,2018-09-21,"6,0,3",
18258,2018-09-22,"0,4,5",
18259,2018-09-23,"1,4,9",
18260,2018-09-24,"6,6,4",
18261,2018-09-25,"3,5,2",
18262,2018-09-26,"3,6,7",
18263,2018-09-27,"4,5,2",
18264,2018-09-28,"1,9,0",
18265,2018-09-29,"1,8,0",
18266,2018-09-30,"6,9,7",
18267,2018-10-01,"1,0,5",
18268,2018-10-02,"1,8,7",
18269,2018-10-03,"4,2,6",
18270,2018-10-04,"9,5,9",
18271,2018-10-05,"7,7,5",
18272,2018-10-06,"0,7,8",
18273,2018-10-07,"6,2,4",
18274,2018-10-08,"6,5,6",
18275,2018-10-09,"3,9,3",
18276,2018-10-10,"4,1,8",
18277,2018-10-11,"0,2,5",
18278,2018-10-12,"8,1,2",
18279,2018-10-13,"6,4,5",
18280,2018-10-14,"9,5,1",
18281,2018-10-15,"1,0,6",
18282,2018-10-16,"7,8,0",
18283,2018-10-17,"8,9,9",
18284,2018-10-18,"8,5,8",
18285,2018-10-19,"0,8,0",
18286,2018-10-20,"9,3,1",
18287,2018-10-21,"0,5,1",
18288,2018-10-22,"2,7,4",
18289,2018-10-23,"9,1,3",
18290,2018-10-24,"5,3,5",
18291,2018-10-25,"6,3,9",
18292,2018-10-26,"4,5,9",
18293,2018-10-27,"1,5,1",
18294,2018-10-28,"8,3,2",
18295,2018-10-29,"1,6,8",
18296,2018-10-30,"0,3,0",
18297,2018-10-31,"4,6,1",
18298,2018-11-01,"2,5,3",
18299,2018-11-02,"4,8,9",
18300,2018-11-03,"0,9,4",
18301,2018-11-04,"9,0,1",
18302,2018-11-05,"1,9,9",
18303,2018-11-06,"6,0,8",
18304,2018-11-07,"0,2,0",
18305,2018-11-08,"1,9,0",
18306,2018-11-09,"0,0,0",
18307,2018-11-10,"6,4,8",
18308,2018-11-11,"4,1,2",
18309,2018-11-12,"7,4,3",
18310,2018-11-13,"3,6,7",
18311,2018-11-14,"8,6,4",
18312,2018-11-15,"1,1,5",
18313,2018-11-16,"3,8,3",
18314,2018-11-17,"8,6,7",
18315,2018-11-18,"7,7,3",
18316,2018-11-19,"7,3,1",
18317,2018-11-20,"2,9,9",
18318,2018-11-21,"3,4,6",
18319,2018-11-22,"4,0,8",
18320,2018-11-23,"3,2,9",
18321,2018-11-24,"8,2,9",
18322,2018-11-25,"4,3,4",
18323,2018-11-26,"2,6,5",
18324,2018-11-27,"0,3,4",
18325,2018-11-28,"6,4,4",
18326,2018-11-29,"5,3,1",
18327,2018-11-30,"0,6,8",
18328,2018-12-01,"6,2,9",
18329,2018-12-02,"6,0,1",
18330,2018-12-03,"2,3,6",
18331,2018-12-04,"4,5,8",
18332,2018-12-05,"9,6,5",
18333,2018-12-06,"8,3,6",
18334,2018-12-07,"4,5,4",
18335,2018-12-08,"3,5,9",
18336,2018-12-09,"2,1,0",
18337,2018-12-10,"5,5,8",
18338,2018-12-11,"5,7,5",
18339,2018-12-12,"8,4,1",
18340,2018-12-13,"6,9,5",
18341,2018-12-14,"0,3,0",
18342,2018-12-15,"0,7,8",
18343,2018-12-16,"9,7,4",
18344,2018-12-17,"8,8,7",
18345,2018-12-18,"4,7,8",
18346,2018-12-19,"5,9,6",
18347,2018-12-20,"4,7,1",
18348,2018-12-21,"1,4,4",
18349,2018-12-22,"4,9,4",
18350,2018-12-23,"8,9,2",
18351,2018-12-24,"3,1,8",
18352,2018-12-25,"0,6,8",
18353,2018-12-26,"6,9,1",
18354,2018-12-27,"4,6,9",
18355,2018-12-28,"3,7,8",
18356,2018-12-29,"1,8,8",
18357,2018-12-30,"9,2,2",
18358,2018-12-31,"3,2,9",
19001,2019-01-01,"3,2,2",
19002,2019-01-02,"7,5,4",
19003,2019-01-03,"5,4,2",
19004,2019-01-04,"2,4,1",
19005,2019-01-05,"0,6,2",
19006,2019-01-06,"1,4,8",
19007,2019-01-07,"7,5,1",
19008,2019-01-08,"9,8,7",
19009,2019-01-09,"6,6,8",
19010,2019-01-10,"4,2,5",
19011,2019-01-11,"4,9,2",
19012,2019-01-12,"5,4,1",
19013,2019-01-13,"2,2,3",
19014,2019-01-14,"0,2,3",
19015,2019-01-15,"4,2,4",
19016,2019-01-16,"5,9,1",
19017,2019-01-17,"1,4,7",
19018,2019-01-18,"1,7,0",
19019,2019-01-19,"9,9,9",
19020,2019-01-20,"8,2,1",
19021,2019-01-21,"6,6,2",
19022,2019-01-22,"0,7,4",
19023,2019-01-23,"6,6,1",
19024,2019-01-24,"5,8,8",
19025,2019-01-25,"1,6,2",
19026,2019-01-26,"1,8,5",
19027,2019-01-27,"6,1,3",
19028,2019-01-28,"5,0,1",
19029,2019-01-29,"2,5,3",
19030,2019-01-30,"8,3,8",
19031,2019-01-31,"7,1,2",
19032,2019-02-01,"8,4,8",
19033,2019-02-02,"3,4,2",
19034,2019-02-03,"8,0,8",
19035,2019-02-11,"5,7,5",
19036,2019-02-12,"5,0,7",
19037,2019-02-13,"6,9,9",
19038,2019-02-14,"0,4,8",
19039,2019-02-15,"0,6,6",
19040,2019-02-16,"3,0,1",
19041,2019-02-17,"1,3,0",
19042,2019-02-18,"3,2,8",
19043,2019-02-19,"6,0,3",
19044,2019-02-20,"1,0,5",
19045,2019-02-21,"3,7,7",
19046,2019-02-22,"2,3,1",
19047,2019-02-23,"3,6,3",
19048,2019-02-24,"1,6,1",
19049,2019-02-25,"6,3,2",
19050,2019-02-26,"8,1,1",
19051,2019-02-27,"3,3,7",
19052,2019-02-28,"5,7,7",
19053,2019-03-01,"3,6,4",
19054,2019-03-02,"3,7,4",
19055,2019-03-03,"1,8,2",
19056,2019-03-04,"2,5,2",
19057,2019-03-05,"8,6,8",
19058,2019-03-06,"4,1,7",
19059,2019-03-07,"1,0,4",
19060,2019-03-08,"2,3,9",
19061,2019-03-09,"2,8,8",
19062,2019-03-10,"8,4,8",
19063,2019-03-11,"2,1,1",
19064,2019-03-12,"7,5,2",
19065,2019-03-13,"4,3,2",
19066,2019-03-14,"2,5,7",
19067,2019-03-15,"5,7,9",
19068,2019-03-16,"5,5,0",
19069,2019-03-17,"7,9,3",
19070,2019-03-18,"7,5,5",
19071,2019-03-19,"2,0,5",
19072,2019-03-20,"9,2,1",
19073,2019-03-21,"7,0,9",
19074,2019-03-22,"8,4,2",
19075,2019-03-23,"4,2,9",
19076,2019-03-24,"2,1,4",
19077,2019-03-25,"5,1,4",
19078,2019-03-26,"2,3,9",
19079,2019-03-27,"0,8,7",
19080,2019-03-28,"3,1,6",
19081,2019-03-29,"9,5,4",
19082,2019-03-30,"5,9,5",
19083,2019-03-31,"0,5,8",
19084,2019-04-01,"3,0,2",
19085,2019-04-02,"6,1,2",
19086,2019-04-03,"3,4,9",
19087,2019-04-04,"0,5,8",
19088,2019-04-05,"3,8,1",
19089,2019-04-06,"3,8,2",
19090,2019-04-07,"7,8,5",
19091,2019-04-08,"0,3,5",
19092,2019-04-09,"5,1,2",
19093,2019-04-10,"5,2,5",
19094,2019-04-11,"0,8,8",
19095,2019-04-12,"1,1,4",
19096,2019-04-13,"9,1,2",
19097,2019-04-14,"0,7,1",
19098,2019-04-15,"5,4,9",
19099,2019-04-16,"4,6,1",
19100,2019-04-17,"3,8,8",
19101,2019-04-18,"5,6,1",
19102,2019-04-19,"0,5,6",
19103,2019-04-20,"3,4,5",
19104,2019-04-21,"4,6,1",
19105,2019-04-22,"4,5,8",
19106,2019-04-23,"3,8,4",
19107,2019-04-24,"2,1,4",
19108,2019-04-25,"3,0,9",
19109,2019-04-26,"9,8,3",
19110,2019-04-27,"3,0,3",
19111,2019-04-28,"4,8,6",
19112,2019-04-29,"5,4,5",
19113,2019-04-30,"4,7,2",
19114,2019-05-01,"9,4,9",
19115,2019-05-02,"0,0,8",
19116,2019-05-03,"8,2,4",
19117,2019-05-04,"3,5,8",
19118,2019-05-05,"6,2,0",
19119,2019-05-06,"2,1,1",
19120,2019-05-07,"9,1,1",
19121,2019-05-08,"8,8,2",
19122,2019-05-09,"6,9,2",
19123,2019-05-10,"4,7,1",
19124,2019-05-11,"2,7,0",
19125,2019-05-12,"4,8,5",
19126,2019-05-13,"1,8,9",
19127,2019-05-14,"2,8,0",
19128,2019-05-15,"0,6,4",
19129,2019-05-16,"5,4,0",
19130,2019-05-17,"7,2,5",
19131,2019-05-18,"6,2,7",
19132,2019-05-19,"5,9,3",
19133,2019-05-20,"1,9,7",
19134,2019-05-21,"4,1,9",
19135,2019-05-22,"0,9,4",
19136,2019-05-23,"9,3,9",
19137,2019-05-24,"7,7,6",
19138,2019-05-25,"0,0,7",
19139,2019-05-26,"4,0,6",
19140,2019-05-27,"1,5,4",
19141,2019-05-28,"0,0,4",
19142,2019-05-29,"0,8,3",
19143,2019-05-30,"5,8,1",
19144,2019-05-31,"4,8,9",
19145,2019-06-01,"0,8,8",
19146,2019-06-02,"3,7,4",
19147,2019-06-03,"5,3,4",
19148,2019-06-04,"1,9,1",
19149,2019-06-05,"8,8,0",
19150,2019-06-06,"9,6,6",
19151,2019-06-07,"5,7,5",
19152,2019-06-08,"2,8,5",
19153,2019-06-09,"0,6,0",
19154,2019-06-10,"3,7,8",
19155,2019-06-11,"0,8,1",
19156,2019-06-12,"6,5,9",
19157,2019-06-13,"3,1,2",
19158,2019-06-14,"7,2,1",
19159,2019-06-15,"1,9,6",
19160,2019-06-16,"4,6,5",
19161,2019-06-17,"9,9,7",
19162,2019-06-18,"6,1,0",
19163,2019-06-19,"4,9,3",
19164,2019-06-20,"7,9,7",
19165,2019-06-21,"1,1,2",
19166,2019-06-22,"8,6,5",
19167,2019-06-23,"3,0,7",
19168,2019-06-24,"7,0,3",
19169,2019-06-25,"0,4,1",
19170,2019-06-26,"3,6,4",
19171,2019-06-27,"4,4,3",
19172,2019-06-28,"7,5,2",
19173,2019-06-29,"8,8,4",
19174,2019-06-30,"3,9,9",
19175,2019-07-01,"3,8,9",
19176,2019-07-02,"0,9,6",
19177,2019-07-03,"2,3,2",
19178,2019-07-04,"7,7,4",
19179,2019-07-05,"7,6,1",
19180,2019-07-06,"2,4,8",
19181,2019-07-07,"3,0,6",
19182,2019-07-08,"7,6,1",
19183,2019-07-09,"8,3,2",
19184,2019-07-10,"4,4,9",
19185,2019-07-11,"4,3,6",
19186,2019-07-12,"5,4,7",
19187,2019-07-13,"8,9,9",
19188,2019-07-14,"3,1,6",
19189,2019-07-15,"8,9,0",
19190,2019-07-16,"1,7,0",
19191,2019-07-17,"2,5,0",
19192,2019-07-18,"7,2,9",
19193,2019-07-19,"6,5,2",
19194,2019-07-20,"3,1,8",
19195,2019-07-21,"6,8,9",
19196,2019-07-22,"6,4,5",
19197,2019-07-23,"6,2,2",
19198,2019-07-24,"2,5,7",
19199,2019-07-25,"4,7,6",
19200,2019-07-26,"4,7,1",
19201,2019-07-27,"2,3,2",
19202,2019-07-28,"8,2,3",
19203,2019-07-29,"1,0,3",
19204,2019-07-30,"5,6,2",
19205,2019-07-31,"1,8,7",
19206,2019-08-01,"9,1,7",
19207,2019-08-02,"1,1,7",
19208,2019-08-03,"8,5,7",
19209,2019-08-04,"8,6,5",
19210,2019-08-05,"7,7,3",
19211,2019-08-06,"5,9,0",
19212,2019-08-07,"7,7,2",
19213,2019-08-08,"7,2,8",
19214,2019-08-09,"9,2,1",
19215,2019-08-10,"8,7,6",
19216,2019-08-11,"6,5,8",
19217,2019-08-12,"1,2,3",
19218,2019-08-13,"6,4,9",
19219,2019-08-14,"3,8,2",
19220,2019-08-15,"3,2,9",
19221,2019-08-16,"7,9,6",
19222,2019-08-17,"9,0,9",
19223,2019-08-18,"5,3,4",
19224,2019-08-19,"0,9,3",
19225,2019-08-20,"3,9,1",
19226,2019-08-21,"3,9,6",
19227,2019-08-22,"8,2,3",
19228,2019-08-23,"9,7,8",
19229,2019-08-24,"9,4,8",
19230,2019-08-25,"6,3,0",
19231,2019-08-26,"9,3,5",
19232,2019-08-27,"7,7,2",
19233,2019-08-28,"5,3,1",
19234,2019-08-29,"2,4,5",
19235,2019-08-30,"4,2,2",
19236,2019-08-31,"0,2,1",
19237,2019-09-01,"8,0,8",
19238,2019-09-02,"4,1,0",
19239,2019-09-03,"4,9,1",
19240,2019-09-04,"8,9,4",
19241,2019-09-05,"3,8,5",
19242,2019-09-06,"8,9,2",
19243,2019-09-07,"5,1,1",
19244,2019-09-08,"0,9,0",
19245,2019-09-09,"5,9,5",
19246,2019-09-10,"4,2,7",
19247,2019-09-11,"4,8,9",
19248,2019-09-12,"3,1,1",
19249,2019-09-13,"6,2,9",
19250,2019-09-14,"1,7,1",
19251,2019-09-15,"2,7,2",
19252,2019-09-16,"4,1,6",
19253,2019-09-17,"6,3,9",
19254,2019-09-18,"6,1,8",
19255,2019-09-19,"2,7,2",
19256,2019-09-20,"4,7,4",
19257,2019-09-21,"8,7,1",
19258,2019-09-22,"5,1,1",
19259,2019-09-23,"4,3,2",
19260,2019-09-24,"1,6,2",
19261,2019-09-25,"8,6,5",
19262,2019-09-26,"7,8,5",
19263,2019-09-27,"9,8,4",
19264,2019-09-28,"6,6,9",
19265,2019-09-29,"5,9,0",
19266,2019-09-30,"4,6,1",
19267,2019-10-08,"0,3,5",
19268,2019-10-09,"0,8,1",
19269,2019-10-10,"8,5,4",
19270,2019-10-11,"6,0,1",
19271,2019-10-12,"9,5,1",
19272,2019-10-13,"0,1,4",
19273,2019-10-14,"8,2,2",
19274,2019-10-15,"1,0,2",
19275,2019-10-16,"2,8,7",
19276,2019-10-17,"8,1,8",
19277,2019-10-18,"7,3,7",
19278,2019-10-19,"1,9,4",
19279,2019-10-20,"1,7,7",
19280,2019-10-21,"2,9,4",
19281,2019-10-22,"0,0,5",
19282,2019-10-23,"6,2,6",
19283,2019-10-24,"0,4,9",
19284,2019-10-25,"9,9,2",
19285,2019-10-26,"0,7,1",
19286,2019-10-27,"7,7,4",
19287,2019-10-28,"3,3,7",
19288,2019-10-29,"7,8,9",
19289,2019-10-30,"2,4,9",
19290,2019-10-31,"4,8,5",
19291,2019-11-01,"6,7,6",
19292,2019-11-02,"4,8,6",
19293,2019-11-03,"5,9,9",
19294,2019-11-04,"7,5,8",
19295,2019-11-05,"3,3,5",
19296,2019-11-06,"8,7,0",
19297,2019-11-07,"5,2,5",
19298,2019-11-08,"5,5,5",
19299,2019-11-09,"5,7,8",
19300,2019-11-10,"5,3,7",
19301,2019-11-11,"3,7,9",
19302,2019-11-12,"7,4,4",
19303,2019-11-13,"6,6,9",
19304,2019-11-14,"6,6,3",
19305,2019-11-15,"4,8,2",
19306,2019-11-16,"6,4,7",
19307,2019-11-17,"0,2,7",
19308,2019-11-18,"6,7,5",
19309,2019-11-19,"3,5,4",
19310,2019-11-20,"7,5,4",
19311,2019-11-21,"1,1,4",
19312,2019-11-22,"5,7,6",
19313,2019-11-23,"2,4,1",
19314,2019-11-24,"2,0,0",
19315,2019-11-25,"4,5,1",
19316,2019-11-26,"4,8,1",
19317,2019-11-27,"4,2,3",
19318,2019-11-28,"3,1,9",
19319,2019-11-29,"3,3,1",
19320,2019-11-30,"7,8,7",
19321,2019-12-01,"5,9,3",
19322,2019-12-02,"9,7,2",
19323,2019-12-03,"8,3,0",
19324,2019-12-04,"3,7,3",
19325,2019-12-05,"7,4,4",
19326,2019-12-06,"2,0,9",
19327,2019-12-07,"7,7,0",
19328,2019-12-08,"5,9,6",
19329,2019-12-09,"4,1,2",
19330,2019-12-10,"3,9,7",
19331,2019-12-11,"8,6,0",
19332,2019-12-12,"2,5,4",
19333,2019-12-13,"3,8,3",
19334,2019-12-14,"9,7,2",
19335,2019-12-15,"3,6,9",
19336,2019-12-16,"2,3,4",
19337,2019-12-17,"4,0,7",
19338,2019-12-18,"5,4,7",
19339,2019-12-19,"9,0,1",
19340,2019-12-20,"3,8,3",
19341,2019-12-21,"0,3,0",
19342,2019-12-22,"1,7,8",
19343,2019-12-23,"9,5,2",
19344,2019-12-24,"0,8,7",
19345,2019-12-25,"8,7,4",
19346,2019-12-26,"5,8,9",
19347,2019-12-27,"5,4,9",
19348,2019-12-28,"0,5,5",
19349,2019-12-29,"3,3,8",
19350,2019-12-30,"8,1,8",
19351,2019-12-31,"9,7,7",
20001,2020-01-01,"2,0,2",
20002,2020-01-02,"1,6,1",
20003,2020-01-03,"8,9,3",
20004,2020-01-04,"4,9,8",
20005,2020-01-05,"5,6,9",
20006,2020-01-06,"0,8,3",
20007,2020-01-07,"3,0,9",
20008,2020-01-08,"1,8,8",
20009,2020-01-09,"2,0,8",
20010,2020-01-10,"0,1,1",
20011,2020-01-11,"4,5,9",
20012,2020-01-12,"3,1,3",
20013,2020-01-13,"0,8,1",
20014,2020-01-14,"1,6,1",
20015,2020-01-15,"3,2,2",
20016,2020-01-16,"4,0,2",
20017,2020-01-17,"7,2,8",
20018,2020-01-18,"5,8,5",
20019,2020-01-19,"9,7,3",
20020,2020-01-20,"1,6,6",
20021,2020-01-21,"9,6,4",
20022,2020-03-12,"6,3,4",
20023,2020-03-13,"0,6,1",
20024,2020-03-14,"6,1,4",
20025,2020-03-15,"4,2,4",
20026,2020-03-16,"7,0,5",
20027,2020-03-17,"2,3,9",
20028,2020-03-18,"5,1,3",
20029,2020-03-19,"3,9,5",
20030,2020-03-20,"7,1,9",
20031,2020-03-21,"9,3,7",
20032,2020-03-22,"6,8,8",
20033,2020-03-23,"7,6,7",
20034,2020-03-24,"4,7,3",
20035,2020-03-25,"3,2,8",
20036,2020-03-26,"3,0,1",
20037,2020-03-27,"1,2,0",
20038,2020-03-28,"7,3,9",
20039,2020-03-29,"8,4,6",
20040,2020-03-30,"3,8,9",
20041,2020-03-31,"7,0,5",
20042,2020-04-01,"2,7,4",
20043,2020-04-02,"0,7,0",
20044,2020-04-03,"1,2,0",
20045,2020-04-04,"0,3,1",
20046,2020-04-05,"3,2,4",
20047,2020-04-06,"8,0,9",
20048,2020-04-07,"8,5,4",
20049,2020-04-08,"7,1,0",
20050,2020-04-09,"5,9,3",
20051,2020-04-10,"7,5,3",
20052,2020-04-11,"2,2,3",
20053,2020-04-12,"5,8,8",
20054,2020-04-13,"0,8,7",
20055,2020-04-14,"6,5,9",
20056,2020-04-15,"5,7,8",
20057,2020-04-16,"0,5,7",
20058,2020-04-17,"2,2,8",
20059,2020-04-18,"0,1,9",
20060,2020-04-19,"4,9,0",
20061,2020-04-20,"1,5,2",
20062,2020-04-21,"3,1,8",
20063,2020-04-22,"5,3,1",
20064,2020-04-23,"3,5,2",
20065,2020-04-24,"1,9,9",
20066,2020-04-25,"2,6,2",
20067,2020-04-26,"4,7,7",
20068,2020-04-27,"4,1,0",
20069,2020-04-28,"7,8,8",
20070,2020-04-29,"8,0,4",
20071,2020-04-30,"3,8,4",
20072,2020-05-01,"7,9,0",
20073,2020-05-02,"6,6,9",
20074,2020-05-03,"2,2,4",
20075,2020-05-04,"5,8,5",
20076,2020-05-05,"8,6,4",
20077,2020-05-06,"2,1,3",
20078,2020-05-07,"3,5,6",
20079,2020-05-08,"1,0,3",
20080,2020-05-09,"3,8,4",
20081,2020-05-10,"2,6,2",
20082,2020-05-11,"8,8,9",
20083,2020-05-12,"0,9,6",
20084,2020-05-13,"5,6,7",
20085,2020-05-14,"8,3,5",
20086,2020-05-15,"9,7,2",
20087,2020-05-16,"3,4,3",
20088,2020-05-17,"5,5,1",
20089,2020-05-18,"0,8,7",
20090,2020-05-19,"5,5,9",
20091,2020-05-20,"5,9,9",
20092,2020-05-21,"6,1,6",
20093,2020-05-22,"7,3,0",
20094,2020-05-23,"3,2,8",
20095,2020-05-24,"4,2,5",
20096,2020-05-25,"7,1,8",
20097,2020-05-26,"9,3,5",
20098,2020-05-27,"4,4,9",
20099,2020-05-28,"7,9,8",
20100,2020-05-29,"0,6,4",
20101,2020-05-30,"2,6,7",
20102,2020-05-31,"8,7,7",
20103,2020-06-01,"9,0,4",
20104,2020-06-02,"2,9,5",
20105,2020-06-03,"5,9,8",
20106,2020-06-04,"4,4,0",
20107,2020-06-05,"1,9,8",
20108,2020-06-06,"2,6,7",
20109,2020-06-07,"3,1,7",
20110,2020-06-08,"2,8,2",
20111,2020-06-09,"6,7,5",
20112,2020-06-10,"4,2,1",
20113,2020-06-11,"0,7,5",
20114,2020-06-12,"0,6,5",
20115,2020-06-13,"5,5,2",
20116,2020-06-14,"9,3,4",
20117,2020-06-15,"8,3,4",
20118,2020-06-16,"2,0,4",
20119,2020-06-17,"1,6,0",
20120,2020-06-18,"2,4,2",
20121,2020-06-19,"7,1,8",
20122,2020-06-20,"6,3,9",
20123,2020-06-21,"2,4,8",
20124,2020-06-22,"6,2,9",
20125,2020-06-23,"6,6,0",
20126,2020-06-24,"4,9,4",
20127,2020-06-25,"3,2,5",
20128,2020-06-26,"0,8,6",
20129,2020-06-27,"0,1,1",
20130,2020-06-28,"9,6,8",
20131,2020-06-29,"3,5,8",
20132,2020-06-30,"8,7,9",
20133,2020-07-01,"0,7,7",
20134,2020-07-02,"7,5,3",
20135,2020-07-03,"6,0,3",
20136,2020-07-04,"5,5,2",
20137,2020-07-05,"1,0,2",
20138,2020-07-06,"0,0,4",
20139,2020-07-07,"9,5,6",
20140,2020-07-08,"5,1,5",
20141,2020-07-09,"8,3,3",
20142,2020-07-10,"7,1,3",
20143,2020-07-11,"8,5,4",
20144,2020-07-12,"6,1,0",
20145,2020-07-13,"8,4,6",
20146,2020-07-14,"8,8,0",
20147,2020-07-15,"0,7,9",
20148,2020-07-16,"9,6,4",
20149,2020-07-17,"3,3,4",
20150,2020-07-18,"3,7,3",
20151,2020-07-19,"8,0,0",
20152,2020-07-20,"6,9,8",
20153,2020-07-21,"0,6,6",
20154,2020-07-22,"8,1,0",
20155,2020-07-23,"0,1,2",
20156,2020-07-24,"0,9,8",
20157,2020-07-25,"7,6,4",
20158,2020-07-26,"2,6,6",
20159,2020-07-27,"4,8,1",
20160,2020-07-28,"9,2,0",
20161,2020-07-29,"7,0,4",
20162,2020-07-30,"6,2,8",
20163,2020-07-31,"2,3,0",
20164,2020-08-01,"4,8,4",
20165,2020-08-02,"0,5,9",
20166,2020-08-03,"3,4,3",
20167,2020-08-04,"8,4,1",
20168,2020-08-05,"7,8,6",
20169,2020-08-06,"1,2,2",
20170,2020-08-07,"6,5,0",
20171,2020-08-08,"2,4,3",
20172,2020-08-09,"6,0,3",
20173,2020-08-10,"3,1,7",
20174,2020-08-11,"2,9,4",
20175,2020-08-12,"9,4,4",
20176,2020-08-13,"9,6,2",
20177,2020-08-14,"4,8,1",
20178,2020-08-15,"3,3,7",
20179,2020-08-16,"0,6,9",
20180,2020-08-17,"1,2,7",
20181,2020-08-18,"2,9,3",
20182,2020-08-19,"9,1,3",
20183,2020-08-20,"8,6,6",
20184,2020-08-21,"5,5,5",
20185,2020-08-22,"1,9,7",
20186,2020-08-23,"5,4,7",
20187,2020-08-24,"1,4,3",
20188,2020-08-25,"2,9,4",
20189,2020-08-26,"9,1,7",
20190,2020-08-27,"7,3,3",
20191,2020-08-28,"9,3,6",
20192,2020-08-29,"8,4,9",
20193,2020-08-30,"3,0,9",
20194,2020-08-31,"4,3,6",
20195,2020-09-01,"8,3,9",
20196,2020-09-02,"8,4,1",
20197,2020-09-03,"4,2,9",
20198,2020-09-04,"6,1,2",
20199,2020-09-05,"7,0,8",
20200,2020-09-06,"0,2,3",
20201,2020-09-07,"8,1,6",
20202,2020-09-08,"2,6,0",
20203,2020-09-09,"6,7,7",
20204,2020-09-10,"0,7,4",
20205,2020-09-11,"6,8,1",
20206,2020-09-12,"6,1,1",
20207,2020-09-13,"3,7,8",
20208,2020-09-14,"8,1,1",
20209,2020-09-15,"2,0,7",
20210,2020-09-16,"3,2,6",
20211,2020-09-17,"4,6,3",
20212,2020-09-18,"5,5,9",
20213,2020-09-19,"7,3,6",
20214,2020-09-20,"8,6,0",
20215,2020-09-21,"7,9,7",
20216,2020-09-22,"6,2,3",
20217,2020-09-23,"7,1,9",
20218,2020-09-24,"6,4,8",
20219,2020-09-25,"0,2,0",
20220,2020-09-26,"2,9,3",
20221,2020-09-27,"4,4,2",
20222,2020-09-28,"5,2,8",
20223,2020-09-29,"2,3,1",
20224,2020-09-30,"9,3,9",
20225,2020-10-05,"0,2,7",
20226,2020-10-06,"2,0,0",
20227,2020-10-07,"1,8,8",
20228,2020-10-08,"4,3,0",
20229,2020-10-09,"9,1,1",
20230,2020-10-10,"5,7,3",
20231,2020-10-11,"1,1,5",
20232,2020-10-12,"0,5,6",
20233,2020-10-13,"3,9,3",
20234,2020-10-14,"6,1,0",
20235,2020-10-15,"2,8,4",
20236,2020-10-16,"9,9,8",
20237,2020-10-17,"5,2,4",
20238,2020-10-18,"2,7,5",
20239,2020-10-19,"8,2,1",
20240,2020-10-20,"8,6,1",
20241,2020-10-21,"0,4,9",
20242,2020-10-22,"8,2,8",
20243,2020-10-23,"0,8,2",
20244,2020-10-24,"9,7,8",
20245,2020-10-25,"8,9,5",
20246,2020-10-26,"5,2,5",
20247,2020-10-27,"9,8,0",
20248,2020-10-28,"9,6,2",
20249,2020-10-29,"7,0,0",
20250,2020-10-30,"8,3,9",
20251,2020-10-31,"2,5,2",
20252,2020-11-01,"7,6,1",
20253,2020-11-02,"8,5,8",
20254,2020-11-03,"1,2,0",
20255,2020-11-04,"4,6,0",
20256,2020-11-05,"2,0,8",
20257,2020-11-06,"2,5,8",
20258,2020-11-07,"4,6,8",
20259,2020-11-08,"2,3,0",
20260,2020-11-09,"2,7,8",
20261,2020-11-10,"8,3,3",
20262,2020-11-11,"6,6,5",
20263,2020-11-12,"8,0,9",
20264,2020-11-13,"1,6,0",
20265,2020-11-14,"7,7,0",
20266,2020-11-15,"1,1,0",
20267,2020-11-16,"6,2,5",
20268,2020-11-17,"6,3,5",
20269,2020-11-18,"6,9,3",
20270,2020-11-19,"4,1,4",
20271,2020-11-20,"9,2,9",
20272,2020-11-21,"2,4,3",
20273,2020-11-22,"1,7,4",
20274,2020-11-23,"5,9,5",
20275,2020-11-24,"7,1,6",
20276,2020-11-25,"9,9,4",
20277,2020-11-26,"5,6,7",
20278,2020-11-27,"2,7,4",
20279,2020-11-28,"9,3,2",
20280,2020-11-29,"1,6,0",
20281,2020-11-30,"9,5,1",
20282,2020-12-01,"2,5,7",
20283,2020-12-02,"5,7,0",
20284,2020-12-03,"3,3,7",
20285,2020-12-04,"1,4,4",
20286,2020-12-05,"5,1,9",
20287,2020-12-06,"2,7,6",
20288,2020-12-07,"6,9,3",
20289,2020-12-08,"5,9,3",
20290,2020-12-09,"8,4,6",
20291,2020-12-10,"4,6,8",
20292,2020-12-11,"7,6,7",
20293,2020-12-12,"2,0,3",
20294,2020-12-13,"6,3,0",
20295,2020-12-14,"8,3,9",
20296,2020-12-15,"2,5,1",
20297,2020-12-16,"7,4,5",
20298,2020-12-17,"2,9,0",
20299,2020-12-18,"3,2,3",
20300,2020-12-19,"4,1,2",
20301,2020-12-20,"4,1,8",
20302,2020-12-21,"1,0,8",
20303,2020-12-22,"9,0,6",
20304,2020-12-23,"6,2,7",
20305,2020-12-24,"3,7,3",
20306,2020-12-25,"4,3,8",
20307,2020-12-26,"6,9,5",
20308,2020-12-27,"5,7,4",
20309,2020-12-28,"2,7,2",
20310,2020-12-29,"5,0,3",
20311,2020-12-30,"5,8,0",
20312,2020-12-31,"6,1,4",
21001,2021-01-01,"3,2,6",
21002,2021-01-02,"3,5,5",
21003,2021-01-03,"8,8,0",
21004,2021-01-04,"5,0,1",
21005,2021-01-05,"6,3,3",
21006,2021-01-06,"9,0,8",
21007,2021-01-07,"9,0,1",
21008,2021-01-08,"6,4,7",
21009,2021-01-09,"2,3,1",
21010,2021-01-10,"7,4,3",
21011,2021-01-11,"9,6,0",
21012,2021-01-12,"9,0,6",
21013,2021-01-13,"8,8,7",
21014,2021-01-14,"7,9,0",
21015,2021-01-15,"6,5,9",
21016,2021-01-16,"2,2,3",
21017,2021-01-17,"0,0,1",
21018,2021-01-18,"4,6,8",
21019,2021-01-19,"2,5,2",
21020,2021-01-20,"3,9,8",
21021,2021-01-21,"9,7,2",
21022,2021-01-22,"9,6,3",
21023,2021-01-23,"8,4,0",
21024,2021-01-24,"3,4,2",
21025,2021-01-25,"8,5,9",
21026,2021-01-26,"4,2,6",
21027,2021-01-27,"0,2,3",
21028,2021-01-28,"7,9,0",
21029,2021-01-29,"8,6,5",
21030,2021-01-30,"2,2,5",
21031,2021-01-31,"7,1,4",
21032,2021-02-01,"3,7,3",
21033,2021-02-02,"4,5,2",
21034,2021-02-03,"5,3,4",
21035,2021-02-04,"5,4,6",
21036,2021-02-05,"9,5,6",
21037,2021-02-06,"1,6,1",
21038,2021-02-07,"4,9,2",
21039,2021-02-08,"6,7,5",
21040,2021-02-19,"3,4,1",
21041,2021-02-20,"9,9,2",
21042,2021-02-21,"9,5,6",
21043,2021-02-22,"0,5,4",
21044,2021-02-23,"2,6,9",
21045,2021-02-24,"2,5,2",
21046,2021-02-25,"0,4,7",
21047,2021-02-26,"6,2,6",
21048,2021-02-27,"9,4,5",
21049,2021-02-28,"6,0,3",
21050,2021-03-01,"4,6,0",
21051,2021-03-02,"7,3,0",
21052,2021-03-03,"9,8,6",
21053,2021-03-04,"9,5,4",
21054,2021-03-05,"1,2,5",
21055,2021-03-06,"6,0,7",
21056,2021-03-07,"6,2,2",
21057,2021-03-08,"2,5,7",
21058,2021-03-09,"9,7,2",
21059,2021-03-10,"6,3,6",
21060,2021-03-11,"6,5,5",
21061,2021-03-12,"3,6,8",
21062,2021-03-13,"4,4,6",
21063,2021-03-14,"6,7,3",
21064,2021-03-15,"6,2,6",
21065,2021-03-16,"6,4,2",
21066,2021-03-17,"5,2,3",
21067,2021-03-18,"1,7,0",
21068,2021-03-19,"0,4,5",
21069,2021-03-20,"7,1,9",
21070,2021-03-21,"9,8,8",
21071,2021-03-22,"6,5,5",
21072,2021-03-23,"5,6,2",
21073,2021-03-24,"1,7,3",
21074,2021-03-25,"2,7,9",
21075,2021-03-26,"0,6,8",
21076,2021-03-27,"0,1,8",
21077,2021-03-28,"7,1,0",
21078,2021-03-29,"6,8,6",
21079,2021-03-30,"9,5,9",
21080,2021-03-31,"6,4,5",
21081,2021-04-01,"2,4,1",
21082,2021-04-02,"2,2,7",
21083,2021-04-03,"6,7,6",
21084,2021-04-04,"4,9,3",
21085,2021-04-05,"9,9,6",
21086,2021-04-06,"2,6,3",
21087,2021-04-07,"8,6,6",
21088,2021-04-08,"3,0,4",
21089,2021-04-09,"2,4,5",
21090,2021-04-10,"6,7,8",
21091,2021-04-11,"4,7,2",
21092,2021-04-12,"8,7,0",
21093,2021-04-13,"4,3,1",
21094,2021-04-14,"5,6,9",
21095,2021-04-15,"9,5,2",
21096,2021-04-16,"5,9,3",
21097,2021-04-17,"8,1,6",
21098,2021-04-18,"3,0,2",
21099,2021-04-19,"4,9,1",
21100,2021-04-20,"2,7,6",
21101,2021-04-21,"7,8,6",
21102,2021-04-22,"1,1,6",
21103,2021-04-23,"8,3,3",
21104,2021-04-24,"9,0,6",
21105,2021-04-25,"6,3,8",
21106,2021-04-26,"7,3,3",
21107,2021-04-27,"2,6,4",
21108,2021-04-28,"5,5,3",
21109,2021-04-29,"1,7,2",
21110,2021-04-30,"2,3,4",
21111,2021-05-01,"8,3,8",
21112,2021-05-02,"4,5,1",
21113,2021-05-03,"0,3,2",
21114,2021-05-04,"7,1,3",
21115,2021-05-05,"8,3,4",
21116,2021-05-06,"4,1,4",
21117,2021-05-07,"9,2,3",
21118,2021-05-08,"6,9,4",
21119,2021-05-09,"1,3,6",
21120,2021-05-10,"6,8,6",
21121,2021-05-11,"0,8,0",
21122,2021-05-12,"8,5,3",
21123,2021-05-13,"8,2,2",
21124,2021-05-14,"4,9,2",
21125,2021-05-15,"9,1,9",
21126,2021-05-16,"8,1,3",
21127,2021-05-17,"4,4,9",
21128,2021-05-18,"6,8,9",
21129,2021-05-19,"7,9,3",
21130,2021-05-20,"1,7,2",
21131,2021-05-21,"2,2,3",
21132,2021-05-22,"7,4,1",
21133,2021-05-23,"5,3,2",
21134,2021-05-24,"2,1,6",
21135,2021-05-25,"5,0,5",
21136,2021-05-26,"4,6,9",
21137,2021-05-27,"6,8,5",
21138,2021-05-28,"9,2,8",
21139,2021-05-29,"6,4,9",
21140,2021-05-30,"1,3,2",
21141,2021-05-31,"1,0,3",
21142,2021-06-01,"1,9,7",
21143,2021-06-02,"3,8,6",
21144,2021-06-03,"0,7,4",
21145,2021-06-04,"2,4,5",
21146,2021-06-05,"9,0,1",
21147,2021-06-06,"2,5,7",
21148,2021-06-07,"2,1,5",
21149,2021-06-08,"8,7,8",
21150,2021-06-09,"3,0,1",
21151,2021-06-10,"8,2,6",
21152,2021-06-11,"3,4,8",
21153,2021-06-12,"3,6,8",
21154,2021-06-13,"5,9,1",
21155,2021-06-14,"2,1,7",
21156,2021-06-15,"7,3,2",
21157,2021-06-16,"2,1,9",
21158,2021-06-17,"9,0,5",
21159,2021-06-18,"2,3,7",
21160,2021-06-19,"9,5,8",
21161,2021-06-20,"7,6,2",
21162,2021-06-21,"7,9,3",
21163,2021-06-22,"6,1,1",
21164,2021-06-23,"1,3,7",
21165,2021-06-24,"5,0,6",
21166,2021-06-25,"8,1,0",
21167,2021-06-26,"6,6,5",
21168,2021-06-27,"9,4,6",
21169,2021-06-28,"1,1,6",
21170,2021-06-29,"4,9,9",
21171,2021-06-30,"4,6,5",
21172,2021-07-01,"7,5,7",
21173,2021-07-02,"0,9,7",
21174,2021-07-03,"2,4,3",
21175,2021-07-04,"1,1,7",
21176,2021-07-05,"8,6,5",
21177,2021-07-06,"0,1,7",
21178,2021-07-07,"9,0,0",
21179,2021-07-08,"8,6,6",
21180,2021-07-09,"9,3,0",
21181,2021-07-10,"5,4,9",
21182,2021-07-11,"2,2,9",
21183,2021-07-12,"3,5,0",
21184,2021-07-13,"8,1,1",
21185,2021-07-14,"6,9,5",
21186,2021-07-15,"6,9,1",
21187,2021-07-16,"3,7,5",
21188,2021-07-17,"6,0,8",
21189,2021-07-18,"8,1,0",
21190,2021-07-19,"4,2,8",
21191,2021-07-20,"0,4,9",
21192,2021-07-21,"7,4,0",
21193,2021-07-22,"9,5,1",
21194,2021-07-23,"5,2,3",
21195,2021-07-24,"6,0,2",
21196,2021-07-25,"8,6,6",
21197,2021-07-26,"0,6,4",
21198,2021-07-27,"1,8,5",
21199,2021-07-28,"4,8,3",
21200,2021-07-29,"4,0,9",
21201,2021-07-30,"2,4,5",
21202,2021-07-31,"4,8,8",
21203,2021-08-01,"9,5,9",
21204,2021-08-02,"5,0,6",
21205,2021-08-03,"0,8,2",
21206,2021-08-04,"4,6,9",
21207,2021-08-05,"0,7,0",
21208,2021-08-06,"5,2,0",
21209,2021-08-07,"6,5,4",
21210,2021-08-08,"5,8,2",
21211,2021-08-09,"6,7,5",
21212,2021-08-10,"0,1,2",
21213,2021-08-11,"1,2,0",
21214,2021-08-12,"2,8,1",
21215,2021-08-13,"7,1,2",
21216,2021-08-14,"4,5,4",
21217,2021-08-15,"5,4,7",
21218,2021-08-16,"5,3,0",
21219,2021-08-17,"3,2,9",
21220,2021-08-18,"1,2,7",
21221,2021-08-19,"1,8,5",
21222,2021-08-20,"0,2,8",
21223,2021-08-21,"8,2,3",
21224,2021-08-22,"9,3,7",
21225,2021-08-23,"8,2,4",
21226,2021-08-24,"5,0,9",
21227,2021-08-25,"3,5,7",
21228,2021-08-26,"5,5,2",
21229,2021-08-27,"3,5,9",
21230,2021-08-28,"7,7,5",
21231,2021-08-29,"7,6,2",
21232,2021-08-30,"7,7,9",
21233,2021-08-31,"0,2,2",
21234,2021-09-01,"1,6,3",
21235,2021-09-02,"3,3,2",
21236,2021-09-03,"7,1,4",
21237,2021-09-04,"2,0,3",
21238,2021-09-05,"1,3,4",
21239,2021-09-06,"3,1,9",
21240,2021-09-07,"0,1,3",
21241,2021-09-08,"8,4,8",
21242,2021-09-09,"9,7,3",
21243,2021-09-10,"0,9,7",
21244,2021-09-11,"4,0,1",
21245,2021-09-12,"9,2,6",
21246,2021-09-13,"9,8,0",
21247,2021-09-14,"5,2,5",
21248,2021-09-15,"3,0,8",
21249,2021-09-16,"2,9,0",
21250,2021-09-17,"4,4,8",
21251,2021-09-18,"9,4,1",
21252,2021-09-19,"9,7,5",
21253,2021-09-20,"5,6,8",
21254,2021-09-21,"9,4,9",
21255,2021-09-22,"9,1,7",
21256,2021-09-23,"5,0,3",
21257,2021-09-24,"9,1,4",
21258,2021-09-25,"7,5,1",
21259,2021-09-26,"1,1,5",
21260,2021-09-27,"1,8,6",
21261,2021-09-28,"1,9,5",
21262,2021-09-29,"4,1,4",
21263,2021-09-30,"2,4,4",
21264,2021-10-05,"9,5,6",
21265,2021-10-06,"0,9,5",
21266,2021-10-07,"0,5,5",
21267,2021-10-08,"7,0,0",
21268,2021-10-09,"1,8,3",
21269,2021-10-10,"1,3,4",
21270,2021-10-11,"6,7,1",
21271,2021-10-12,"5,3,0",
21272,2021-10-13,"0,2,8",
21273,2021-10-14,"3,1,6",
21274,2021-10-15,"8,1,2",
21275,2021-10-16,"2,7,6",
21276,2021-10-17,"5,0,4",
21277,2021-10-18,"7,0,0",
21278,2021-10-19,"1,5,7",
21279,2021-10-20,"1,1,1",
21280,2021-10-21,"8,6,8",
21281,2021-10-22,"5,9,7",
21282,2021-10-23,"4,7,0",
21283,2021-10-24,"8,0,6",
21284,2021-10-25,"5,0,4",
21285,2021-10-26,"7,8,0",
21286,2021-10-27,"8,5,3",
21287,2021-10-28,"7,7,0",
21288,2021-10-29,"5,6,6",
21289,2021-10-30,"3,2,1",
21290,2021-10-31,"4,8,9",
21291,2021-11-01,"0,4,4",
21292,2021-11-02,"5,2,1",
21293,2021-11-03,"4,2,0",
21294,2021-11-04,"4,8,8",
21295,2021-11-05,"2,3,5",
21296,2021-11-06,"4,6,8",
21297,2021-11-07,"5,1,2",
21298,2021-11-08,"5,8,9",
21299,2021-11-09,"8,8,8",
21300,2021-11-10,"1,4,0",
21301,2021-11-11,"6,2,2",
21302,2021-11-12,"9,2,5",
21303,2021-11-13,"1,4,3",
21304,2021-11-14,"9,0,0",
21305,2021-11-15,"1,5,6",
21306,2021-11-16,"2,3,3",
21307,2021-11-17,"1,8,3",
21308,2021-11-18,"8,3,8",
21309,2021-11-19,"4,5,7",
21310,2021-11-20,"1,4,8",
21311,2021-11-21,"8,0,5",
21312,2021-11-22,"0,0,8",
21313,2021-11-23,"5,9,3",
21314,2021-11-24,"1,9,4",
21315,2021-11-25,"4,8,4",
21316,2021-11-26,"6,8,8",
21317,2021-11-27,"3,5,5",
21318,2021-11-28,"7,3,1",
21319,2021-11-29,"0,8,6",
21320,2021-11-30,"9,4,0",
21321,2021-12-01,"9,7,7",
21322,2021-12-02,"1,7,0",
21323,2021-12-03,"4,5,4",
21324,2021-12-04,"9,3,1",
21325,2021-12-05,"6,1,2",
21326,2021-12-06,"4,6,1",
21327,2021-12-07,"3,2,8",
21328,2021-12-08,"3,3,6",
21329,2021-12-09,"1,3,1",
21330,2021-12-10,"2,0,4",
21331,2021-12-11,"9,4,9",
21332,2021-12-12,"9,3,4",
21333,2021-12-13,"4,0,4",
21334,2021-12-14,"7,9,2",
21335,2021-12-15,"1,1,0",
21336,2021-12-16,"4,5,5",
21337,2021-12-17,"7,2,2",
21338,2021-12-18,"2,4,4",
21339,2021-12-19,"1,8,9",
21340,2021-12-20,"3,2,1",
21341,2021-12-21,"7,0,3",
21342,2021-12-22,"6,7,6",
21343,2021-12-23,"8,8,0",
21344,2021-12-24,"0,4,6",
21345,2021-12-25,"5,0,8",
21346,2021-12-26,"3,4,3",
21347,2021-12-27,"8,3,9",
21348,2021-12-28,"2,4,1",
21349,2021-12-29,"2,9,0",
21350,2021-12-30,"1,3,5",
21351,2021-12-31,"2,6,4",
22001,2022-01-01,"3,7,8",
22002,2022-01-02,"2,8,7",
22003,2022-01-03,"5,5,8",
22004,2022-01-04,"0,9,9",
22005,2022-01-05,"8,7,1",
22006,2022-01-06,"4,3,8",
22007,2022-01-07,"5,2,3",
22008,2022-01-08,"8,4,2",
22009,2022-01-09,"8,5,6",
22010,2022-01-10,"6,4,8",
22011,2022-01-11,"0,7,3",
22012,2022-01-12,"5,0,5",
22013,2022-01-13,"0,8,6",
22014,2022-01-14,"7,8,8",
22015,2022-01-15,"9,9,3",
22016,2022-01-16,"9,4,7",
22017,2022-01-17,"5,1,5",
22018,2022-01-18,"7,2,9",
22019,2022-01-19,"8,5,5",
22020,2022-01-20,"5,1,5",
22021,2022-01-21,"4,9,2",
22022,2022-01-22,"9,7,4",
22023,2022-01-23,"4,8,9",
22024,2022-01-24,"5,0,3",
22025,2022-01-25,"9,7,4",
22026,2022-01-26,"6,1,8",
22027,2022-01-27,"9,2,4",
22028,2022-01-28,"9,6,1",
22029,2022-02-08,"1,3,4",
22030,2022-02-09,"4,6,0",
22031,2022-02-10,"6,0,5",
22032,2022-02-11,"7,0,3",
22033,2022-02-12,"3,5,8",
22034,2022-02-13,"9,2,2",
22035,2022-02-14,"4,0,2",
22036,2022-02-15,"0,8,7",
22037,2022-02-16,"3,4,1",
22038,2022-02-17,"3,9,3",
22039,2022-02-18,"4,7,5",
22040,2022-02-19,"5,9,1",
22041,2022-02-20,"5,3,3",
22042,2022-02-21,"5,0,0",
22043,2022-02-22,"0,9,6",
22044,2022-02-23,"5,3,8",
22045,2022-02-24,"4,2,9",
22046,2022-02-25,"3,8,7",
22047,2022-02-26,"8,1,5",
22048,2022-02-27,"7,1,2",
22049,2022-02-28,"4,8,7",
22050,2022-03-01,"0,7,0",
22051,2022-03-02,"8,4,6",
22052,2022-03-03,"4,6,6",
22053,2022-03-04,"5,6,6",
22054,2022-03-05,"2,6,9",
22055,2022-03-06,"2,7,7",
22056,2022-03-07,"0,9,9",
22057,2022-03-08,"1,4,7",
22058,2022-03-09,"0,4,7",
22059,2022-03-10,"5,9,2",
22060,2022-03-11,"2,1,0",
22061,2022-03-12,"3,5,3",
22062,2022-03-13,"8,9,2",
22063,2022-03-14,"7,7,3",
22064,2022-03-15,"6,1,5",
22065,2022-03-16,"9,9,4",
22066,2022-03-17,"4,0,8",
22067,2022-03-18,"0,1,3",
22068,2022-03-19,"7,1,7",
22069,2022-03-20,"5,8,6",
22070,2022-03-21,"7,0,2",
22071,2022-03-22,"3,7,1",
22072,2022-03-23,"6,8,3",
22073,2022-03-24,"2,0,0",
22074,2022-03-25,"0,8,9",
22075,2022-03-26,"7,6,1",
22076,2022-03-27,"1,7,1",
22077,2022-03-28,"9,1,8",
22078,2022-03-29,"3,5,2",
22079,2022-03-30,"8,5,4",
22080,2022-03-31,"4,5,0",
22081,2022-04-01,"1,6,8",
22082,2022-04-02,"6,7,8",
22083,2022-04-03,"3,2,8",
22084,2022-04-04,"9,4,6",
22085,2022-04-05,"2,7,9",
22086,2022-04-06,"9,3,5",
22087,2022-04-07,"1,3,3",
22088,2022-04-08,"9,0,7",
22089,2022-04-09,"8,4,4",
22090,2022-04-10,"5,7,9",
22091,2022-04-11,"8,0,9",
22092,2022-04-12,"8,1,8",
22093,2022-04-13,"9,5,8",
22094,2022-04-14,"4,8,8",
22095,2022-04-15,"1,4,0",
22096,2022-04-16,"8,2,4",
22097,2022-04-17,"0,9,6",
22098,2022-04-18,"9,1,5",
22099,2022-04-19,"4,6,4",
22100,2022-04-20,"4,4,4",
22101,2022-04-21,"1,2,4",
22102,2022-04-22,"3,4,5",
22103,2022-04-23,"0,4,6",
22104,2022-04-24,"0,8,3",
22105,2022-04-25,"6,4,2",
22106,2022-04-26,"6,2,5",
22107,2022-04-27,"0,6,4",
22108,2022-04-28,"4,1,5",
22109,2022-04-29,"0,9,2",
22110,2022-04-30,"8,9,3",
22111,2022-05-01,"9,5,6",
22112,2022-05-02,"7,6,2",
22113,2022-05-03,"6,5,3",
22114,2022-05-04,"9,9,7",
22115,2022-05-05,"8,3,6",
22116,2022-05-06,"7,0,7",
22117,2022-05-07,"4,5,7",
22118,2022-05-08,"4,7,0",
22119,2022-05-09,"0,4,6",
22120,2022-05-10,"9,3,9",
22121,2022-05-11,"6,2,1",
22122,2022-05-12,"3,5,7",
22123,2022-05-13,"1,5,4",
22124,2022-05-14,"2,2,4",
22125,2022-05-15,"2,6,4",
22126,2022-05-16,"2,5,9",
22127,2022-05-17,"1,1,7",
22128,2022-05-18,"8,4,3",
22129,2022-05-19,"0,0,5",
22130,2022-05-20,"3,9,5",
22131,2022-05-21,"2,6,6",
22132,2022-05-22,"7,8,2",
22133,2022-05-23,"6,5,4",
22134,2022-05-24,"2,2,9",
22135,2022-05-25,"0,4,8",
22136,2022-05-26,"6,5,6",
22137,2022-05-27,"2,4,4",
22138,2022-05-28,"4,2,6",
22139,2022-05-29,"1,3,6",
22140,2022-05-30,"2,7,7",
22141,2022-05-31,"7,5,5",
22142,2022-06-01,"5,6,3",
22143,2022-06-02,"1,5,8",
22144,2022-06-03,"0,1,6",
22145,2022-06-04,"7,2,8",
22146,2022-06-05,"1,9,4",
22147,2022-06-06,"1,9,6",
22148,2022-06-07,"4,0,8",
22149,2022-06-08,"4,6,4",
22150,2022-06-09,"8,8,7",
22151,2022-06-10,"1,1,3",
22152,2022-06-11,"0,4,4",
22153,2022-06-12,"1,5,5",
22154,2022-06-13,"4,0,6",
22155,2022-06-14,"0,5,7",
22156,2022-06-15,"7,8,9",
22157,2022-06-16,"4,1,7",
22158,2022-06-17,"8,9,1",
22159,2022-06-18,"2,4,0",
22160,2022-06-19,"0,4,4",
22161,2022-06-20,"5,0,7",
22162,2022-06-21,"7,0,7",
22163,2022-06-22,"7,7,1",
22164,2022-06-23,"1,8,9",
22165,2022-06-24,"4,5,7",
22166,2022-06-25,"4,5,1",
22167,2022-06-26,"2,9,9",
22168,2022-06-27,"5,5,3",
22169,2022-06-28,"4,6,9",
22170,2022-06-29,"7,8,9",
22171,2022-06-30,"9,2,4",
22172,2022-07-01,"3,4,2",
22173,2022-07-02,"5,4,6",
22174,2022-07-03,"2,8,4",
22175,2022-07-04,"1,5,1",
22176,2022-07-05,"4,1,6",
22177,2022-07-06,"2,4,2",
22178,2022-07-07,"9,2,1",
22179,2022-07-08,"9,4,6",
22180,2022-07-09,"3,1,2",
22181,2022-07-10,"0,7,1",
22182,2022-07-11,"4,0,6",
22183,2022-07-12,"1,8,8",
22184,2022-07-13,"9,6,6",
22185,2022-07-14,"5,4,5",
22186,2022-07-15,"1,5,3",
22187,2022-07-16,"7,1,8",
22188,2022-07-17,"4,8,1",
22189,2022-07-18,"2,3,5",
22190,2022-07-19,"7,4,8",
22191,2022-07-20,"2,1,0",
22192,2022-07-21,"6,8,1",
22193,2022-07-22,"1,6,2",
22194,2022-07-23,"7,8,0",
22195,2022-07-24,"1,2,2",
22196,2022-07-25,"1,2,3",
22197,2022-07-26,"9,3,0",
22198,2022-07-27,"0,3,7",
22199,2022-07-28,"3,3,2",
22200,2022-07-29,"3,0,3",
22201,2022-07-30,"2,1,3",
22202,2022-07-31,"9,0,2",
22203,2022-08-01,"6,2,9",
22204,2022-08-02,"6,6,6",
22205,2022-08-03,"4,6,8",
22206,2022-08-04,"2,2,2",
22207,2022-08-05,"4,6,5",
22208,2022-08-06,"6,3,2",
22209,2022-08-07,"3,5,6",
22210,2022-08-08,"6,3,0",
22211,2022-08-09,"3,2,1",
22212,2022-08-10,"6,4,4",
22213,2022-08-11,"8,2,9",
22214,2022-08-12,"8,2,2",
22215,2022-08-13,"0,6,2",
22216,2022-08-14,"7,6,2",
22217,2022-08-15,"5,1,4",
22218,2022-08-16,"7,4,5",
22219,2022-08-17,"2,9,2",
22220,2022-08-18,"3,8,0",
22221,2022-08-19,"2,4,6",
22222,2022-08-20,"2,9,1",
22223,2022-08-21,"0,5,8",
22224,2022-08-22,"8,9,7",
22225,2022-08-23,"4,3,1",
22226,2022-08-24,"9,8,9",
22227,2022-08-25,"6,1,3",
22228,2022-08-26,"5,4,4",
22229,2022-08-27,"7,6,6",
22230,2022-08-28,"9,0,1",
22231,2022-08-29,"4,6,6",
22232,2022-08-30,"6,4,2",
22233,2022-08-31,"8,6,7",
22234,2022-09-01,"8,8,7",
22235,2022-09-02,"8,2,4",
22236,2022-09-03,"8,8,5",
22237,2022-09-04,"6,9,9",
22238,2022-09-05,"6,2,2",
22239,2022-09-06,"2,8,9",
22240,2022-09-07,"1,9,5",
22241,2022-09-08,"0,7,3",
22242,2022-09-09,"0,8,9",
22243,2022-09-10,"4,7,4",
22244,2022-09-11,"1,2,4",
22245,2022-09-12,"8,4,6",
22246,2022-09-13,"8,3,2",
22247,2022-09-14,"4,4,6",
22248,2022-09-15,"0,4,9",
22249,2022-09-16,"0,0,6",
22250,2022-09-17,"0,1,5",
22251,2022-09-18,"1,2,4",
22252,2022-09-19,"1,6,7",
22253,2022-09-20,"9,1,6",
22254,2022-09-21,"7,3,5",
22255,2022-09-22,"3,3,9",
22256,2022-09-23,"4,0,5",
22257,2022-09-24,"7,9,2",
22258,2022-09-25,"1,9,6",
22259,2022-09-26,"4,4,8",
22260,2022-09-27,"4,6,9",
22261,2022-09-28,"0,2,6",
22262,2022-09-29,"3,2,9",
22263,2022-09-30,"3,3,5",
22264,2022-10-05,"7,8,6",
22265,2022-10-06,"4,6,4",
22266,2022-10-07,"2,1,0",
22267,2022-10-08,"5,3,4",
22268,2022-10-09,"3,8,4",
22269,2022-10-10,"3,7,5",
22270,2022-10-11,"2,2,7",
22271,2022-10-12,"5,6,7",
22272,2022-10-13,"3,2,9",
22273,2022-10-14,"7,4,6",
22274,2022-10-15,"0,6,5",
22275,2022-10-16,"0,5,9",
22276,2022-10-17,"7,6,1",
22277,2022-10-18,"2,4,6",
22278,2022-10-19,"4,9,2",
22279,2022-10-20,"9,7,4",
22280,2022-10-21,"1,3,3",
22281,2022-10-22,"1,0,1",
22282,2022-10-23,"8,9,6",
22283,2022-10-24,"8,2,0",
22284,2022-10-25,"7,5,2",
22285,2022-10-26,"4,3,6",
22286,2022-10-27,"9,8,0",
22287,2022-10-28,"7,4,6",
22288,2022-10-29,"5,6,1",
22289,2022-10-30,"7,6,9",
22290,2022-10-31,"8,3,7",
22291,2022-11-01,"6,3,3",
22292,2022-11-02,"9,7,7",
22293,2022-11-03,"3,8,5",
22294,2022-11-04,"6,6,6",
22295,2022-11-05,"6,0,8",
22296,2022-11-06,"0,0,9",
22297,2022-11-07,"1,1,1",
22298,2022-11-08,"8,7,2",
22299,2022-11-09,"2,9,9",
22300,2022-11-10,"0,9,4",
22301,2022-11-11,"1,8,1",
22302,2022-11-12,"8,7,5",
22303,2022-11-13,"5,3,3",
22304,2022-11-14,"1,7,4",
22305,2022-11-15,"0,4,8",
22306,2022-11-16,"5,5,9",
22307,2022-11-17,"3,7,2",
22308,2022-11-18,"2,1,6",
22309,2022-11-19,"0,4,1",
22310,2022-11-20,"2,5,7",
22311,2022-11-21,"6,8,2",
22312,2022-11-22,"1,3,2",
22313,2022-11-23,"1,6,9",
22314,2022-11-24,"7,1,5",
22315,2022-11-25,"5,6,2",
22316,2022-11-26,"2,8,0",
22317,2022-11-27,"2,6,8",
22318,2022-11-28,"0,2,1",
22319,2022-11-29,"0,6,9",
22320,2022-11-30,"7,4,7",
22321,2022-12-01,"8,6,1",
22322,2022-12-02,"3,3,5",
22323,2022-12-03,"7,1,2",
22324,2022-12-04,"8,4,9",
22325,2022-12-05,"7,6,0",
22326,2022-12-06,"2,8,9",
22327,2022-12-07,"2,8,9",
22328,2022-12-08,"6,2,0",
22329,2022-12-09,"1,6,7",
22330,2022-12-10,"2,2,1",
22331,2022-12-11,"8,0,8",
22332,2022-12-12,"4,2,2",
22333,2022-12-13,"8,5,1",
22334,2022-12-14,"3,8,3",
22335,2022-12-15,"0,1,4",
22336,2022-12-16,"3,8,7",
22337,2022-12-17,"2,1,7",
22338,2022-12-18,"4,1,6",
22339,2022-12-19,"5,2,5",
22340,2022-12-20,"2,8,7",
22341,2022-12-21,"0,8,4",
22342,2022-12-22,"3,8,3",
22343,2022-12-23,"3,8,2",
22344,2022-12-24,"2,0,9",
22345,2022-12-25,"4,6,0",
22346,2022-12-26,"5,3,8",
22347,2022-12-27,"9,2,5",
22348,2022-12-28,"7,3,9",
22349,2022-12-29,"4,9,1",
22350,2022-12-30,"2,8,6",
22351,2022-12-31,"0,9,2",
23001,2023-01-01,"4,5,8",
23002,2023-01-02,"0,7,0",
23003,2023-01-03,"9,0,0",
23004,2023-01-04,"1,3,6",
23005,2023-01-05,"4,2,0",
23006,2023-01-06,"7,5,6",
23007,2023-01-07,"3,1,5",
23008,2023-01-08,"9,7,2",
23009,2023-01-09,"2,2,1",
23010,2023-01-10,"8,8,8",
23011,2023-01-11,"0,8,3",
23012,2023-01-12,"7,8,0",
23013,2023-01-13,"2,8,2",
23014,2023-01-14,"0,2,2",
23015,2023-01-15,"6,0,6",
23016,2023-01-16,"7,1,4",
23017,2023-01-17,"1,7,2",
23018,2023-01-18,"2,3,7",
23019,2023-01-29,"7,9,0",
23020,2023-01-30,"4,8,8",
23021,2023-01-31,"9,1,1",
23022,2023-02-01,"1,1,4",
23023,2023-02-02,"3,4,2",
23024,2023-02-03,"0,6,0",
23025,2023-02-04,"3,5,7",
23026,2023-02-05,"6,6,5",
23027,2023-02-06,"3,4,8",
23028,2023-02-07,"1,2,7",
23029,2023-02-08,"4,9,9",
23030,2023-02-09,"7,5,4",
23031,2023-02-10,"9,7,5",
23032,2023-02-11,"0,9,0",
23033,2023-02-12,"6,7,9",
23034,2023-02-13,"9,0,1",
23035,2023-02-14,"6,4,9",
23036,2023-02-15,"6,5,6",
23037,2023-02-16,"7,7,1",
23038,2023-02-17,"0,9,1",
23039,2023-02-18,"7,6,3",
23040,2023-02-19,"3,3,4",
23041,2023-02-20,"6,0,8",
23042,2023-02-21,"2,3,1",
23043,2023-02-22,"5,6,8",
23044,2023-02-23,"0,8,2",
23045,2023-02-24,"6,5,9",
23046,2023-02-25,"8,8,5",
23047,2023-02-26,"5,7,8",
23048,2023-02-27,"5,8,1",
23049,2023-02-28,"9,2,8",
23050,2023-03-01,"7,1,4",
23051,2023-03-02,"9,4,0",
23052,2023-03-03,"3,8,3",
23053,2023-03-04,"3,6,4",
23054,2023-03-05,"3,4,8",
23055,2023-03-06,"8,8,2",
23056,2023-03-07,"1,0,8",
23057,2023-03-08,"4,6,4",
23058,2023-03-09,"6,9,3",
23059,2023-03-10,"5,1,8",
23060,2023-03-11,"7,9,2",
23061,2023-03-12,"7,1,1",
23062,2023-03-13,"0,0,6",
23063,2023-03-14,"4,3,7",
23064,2023-03-15,"0,6,5",
23065,2023-03-16,"4,6,8",
23066,2023-03-17,"5,5,0",
23067,2023-03-18,"8,5,4",
23068,2023-03-19,"3,6,6",
23069,2023-03-20,"9,3,2",
23070,2023-03-21,"5,6,7",
23071,2023-03-22,"0,1,7",
23072,2023-03-23,"4,4,7",
23073,2023-03-24,"1,3,0",
23074,2023-03-25,"0,7,1",
23075,2023-03-26,"7,3,8",
23076,2023-03-27,"5,0,3",
23077,2023-03-28,"2,0,9",
23078,2023-03-29,"3,1,6",
23079,2023-03-30,"0,1,4",
23080,2023-03-31,"4,8,4",
23081,2023-04-01,"9,7,8",
23082,2023-04-02,"7,3,9",
23083,2023-04-03,"0,2,4",
23084,2023-04-04,"0,5,5",
23085,2023-04-05,"5,5,7",
23086,2023-04-06,"9,1,5",
23087,2023-04-07,"3,2,9",
23088,2023-04-08,"2,9,2",
23089,2023-04-09,"9,4,0",
23090,2023-04-10,"5,8,5",
23091,2023-04-11,"7,9,5",
23092,2023-04-12,"8,8,3",
23093,2023-04-13,"5,3,6",
23094,2023-04-14,"5,3,3",
23095,2023-04-15,"4,8,8",
23096,2023-04-16,"7,6,3",
23097,2023-04-17,"6,8,5",
23098,2023-04-18,"2,2,3",
23099,2023-04-19,"5,5,1",
23100,2023-04-20,"6,3,2",
23101,2023-04-21,"5,3,1",
23102,2023-04-22,"7,0,4",
23103,2023-04-23,"9,7,6",
23104,2023-04-24,"6,4,3",
23105,2023-04-25,"5,7,0",
23106,2023-04-26,"2,8,2",
23107,2023-04-27,"5,1,9",
23108,2023-04-28,"4,7,7",
23109,2023-04-29,"3,0,3",
23110,2023-04-30,"4,3,3",
23111,2023-05-01,"6,5,9",
23112,2023-05-02,"1,2,7",
23113,2023-05-03,"2,2,4",
23114,2023-05-04,"8,1,0",
23115,2023-05-05,"5,2,7",
23116,2023-05-06,"9,2,0",
23117,2023-05-07,"4,9,3",
23118,2023-05-08,"6,4,6",
23119,2023-05-09,"0,5,6",
23120,2023-05-10,"0,9,1",
23121,2023-05-11,"6,6,8",
23122,2023-05-12,"8,2,7",
23123,2023-05-13,"5,5,7",
23124,2023-05-14,"0,7,1",
23125,2023-05-15,"5,5,8",
23126,2023-05-16,"9,8,4",
23127,2023-05-17,"1,1,0",
23128,2023-05-18,"8,1,0",
23129,2023-05-19,"3,3,4",
23130,2023-05-20,"5,2,1",
23131,2023-05-21,"5,8,3",
23132,2023-05-22,"0,1,0",
23133,2023-05-23,"4,3,4",
23134,2023-05-24,"2,2,0",
23135,2023-05-25,"4,6,7",
23136,2023-05-26,"9,2,9",
23137,2023-05-27,"7,9,1",
23138,2023-05-28,"4,4,0",
23139,2023-05-29,"4,2,9",
23140,2023-05-30,"0,9,3",
23141,2023-05-31,"7,4,3",
23142,2023-06-01,"1,6,7",
23143,2023-06-02,"8,4,8",
23144,2023-06-03,"5,6,3",
23145,2023-06-04,"8,8,3",
23146,2023-06-05,"5,8,7",
23147,2023-06-06,"8,6,3",
23148,2023-06-07,"3,3,6",
23149,2023-06-08,"0,2,5",
23150,2023-06-09,"0,3,9",
23151,2023-06-10,"3,8,3",
23152,2023-06-11,"3,1,8",
23153,2023-06-12,"7,5,0",
23154,2023-06-13,"4,3,3",
23155,2023-06-14,"8,5,3",
23156,2023-06-15,"2,5,1",
23157,2023-06-16,"7,8,6",
23158,2023-06-17,"4,4,7",
23159,2023-06-18,"3,1,9",
23160,2023-06-19,"3,9,3",
23161,2023-06-20,"5,3,6",
23162,2023-06-21,"0,9,4",
23163,2023-06-22,"1,2,7",
23164,2023-06-23,"2,1,5",
23165,2023-06-24,"2,5,1",
23166,2023-06-25,"1,2,8",
23167,2023-06-26,"1,9,0",
23168,2023-06-27,"9,3,3",
23169,2023-06-28,"7,2,1",
23170,2023-06-29,"0,8,2",
23171,2023-06-30,"2,2,5",
23172,2023-07-01,"7,8,0",
23173,2023-07-02,"0,1,3",
23174,2023-07-03,"8,2,9",
23175,2023-07-04,"2,8,0",
23176,2023-07-05,"0,7,1",
23177,2023-07-06,"7,0,9",
23178,2023-07-07,"7,1,1",
23179,2023-07-08,"4,9,9",
23180,2023-07-09,"6,8,7",
23181,2023-07-10,"7,7,9",
23182,2023-07-11,"1,2,1",
23183,2023-07-12,"8,0,6",
23184,2023-07-13,"9,6,4",
23185,2023-07-14,"4,6,8",
23186,2023-07-15,"7,0,7",
23187,2023-07-16,"7,6,5",
23188,2023-07-17,"2,8,4",
23189,2023-07-18,"0,7,0",
23190,2023-07-19,"6,0,0",
23191,2023-07-20,"3,6,0",
23192,2023-07-21,"2,1,4",
23193,2023-07-22,"4,1,9",
23194,2023-07-23,"3,0,3",
23195,2023-07-24,"3,6,7",
23196,2023-07-25,"8,0,0",
23197,2023-07-26,"3,0,7",
23198,2023-07-27,"0,7,9",
23199,2023-07-28,"7,2,3",
23200,2023-07-29,"5,1,4",
23201,2023-07-30,"7,3,4",
23202,2023-07-31,"7,5,8",
23203,2023-08-01,"1,4,0",
23204,2023-08-02,"0,1,4",
23205,2023-08-03,"0,9,7",
23206,2023-08-04,"4,4,8",
23207,2023-08-05,"1,2,6",
23208,2023-08-06,"6,6,9",
23209,2023-08-07,"2,1,7",
23210,2023-08-08,"9,3,6",
23211,2023-08-09,"7,9,2",
23212,2023-08-10,"8,5,3",
23213,2023-08-11,"0,7,7",
23214,2023-08-12,"1,0,1",
23215,2023-08-13,"4,8,0",
23216,2023-08-14,"1,3,8",
23217,2023-08-15,"7,4,8",
23218,2023-08-16,"9,4,2",
23219,2023-08-17,"7,3,8",
23220,2023-08-18,"0,3,5",
23221,2023-08-19,"6,4,9",
23222,2023-08-20,"9,7,7",
23223,2023-08-21,"7,4,0",
23224,2023-08-22,"3,7,4",
23225,2023-08-23,"1,1,8",
23226,2023-08-24,"5,3,5",
23227,2023-08-25,"9,0,1",
23228,2023-08-26,"7,7,3",
23229,2023-08-27,"6,7,8",
23230,2023-08-28,"9,4,9",
23231,2023-08-29,"3,6,5",
23232,2023-08-30,"8,6,0",
23233,2023-08-31,"1,2,4",
23234,2023-09-01,"8,0,5",
23235,2023-09-02,"4,2,4",
23236,2023-09-03,"2,7,0",
23237,2023-09-04,"7,9,8",
23238,2023-09-05,"5,6,2",
23239,2023-09-06,"4,4,0",
23240,2023-09-07,"7,0,2",
23241,2023-09-08,"9,3,5",
23242,2023-09-09,"9,8,7",
23243,2023-09-10,"9,6,6",
23244,2023-09-11,"3,1,5",
23245,2023-09-12,"4,8,0",
23246,2023-09-13,"4,2,2",
23247,2023-09-14,"9,3,7",
23248,2023-09-15,"6,9,6",
23249,2023-09-16,"0,3,9",
23250,2023-09-17,"1,8,0",
23251,2023-09-18,"7,3,6",
23252,2023-09-19,"9,6,1",
23253,2023-09-20,"9,8,6",
23254,2023-09-21,"9,9,1",
23255,2023-09-22,"0,5,6",
23256,2023-09-23,"8,4,0",
23257,2023-09-24,"9,0,8",
23258,2023-09-25,"9,1,5",
23259,2023-09-26,"0,8,8",
23260,2023-09-27,"2,4,7",
23261,2023-09-28,"9,3,0",
23262,2023-09-29,"7,1,7",
23263,2023-09-30,"9,9,3",
23264,2023-10-05,"9,2,5",
23265,2023-10-06,"2,2,4",
23266,2023-10-07,"1,3,3",
23267,2023-10-08,"5,5,4",
23268,2023-10-09,"9,7,5",
23269,2023-10-10,"2,3,4",
23270,2023-10-11,"3,5,5",
23271,2023-10-12,"0,9,6",
23272,2023-10-13,"4,1,9",
23273,2023-10-14,"1,2,1",
23274,2023-10-15,"6,6,9",
23275,2023-10-16,"9,8,4",
23276,2023-10-17,"6,0,6",
23277,2023-10-18,"0,2,8",
23278,2023-10-19,"0,7,0",
23279,2023-10-20,"3,9,1",
23280,2023-10-21,"6,0,1",
23281,2023-10-22,"3,4,4",
23282,2023-10-23,"3,0,8",
23283,2023-10-24,"0,2,9",
23284,2023-10-25,"3,8,2",
23285,2023-10-26,"7,1,6",
23286,2023-10-27,"1,1,6",
23287,2023-10-28,"8,9,4",
23288,2023-10-29,"3,1,4",
23289,2023-10-30,"9,9,8",
23290,2023-10-31,"1,5,4",
23291,2023-11-01,"1,5,0",
23292,2023-11-02,"9,6,8",
23293,2023-11-03,"4,3,4",
23294,2023-11-04,"6,6,7",
23295,2023-11-05,"8,8,2",
23296,2023-11-06,"8,0,7",
23297,2023-11-07,"7,6,1",
23298,2023-11-08,"3,6,5",
23299,2023-11-09,"8,0,8",
23300,2023-11-10,"2,9,6",
23301,2023-11-11,"0,4,1",
23302,2023-11-12,"1,6,1",
23303,2023-11-13,"5,7,2",
23304,2023-11-14,"7,2,8",
23305,2023-11-15,"6,7,9",
23306,2023-11-16,"3,3,0",
23307,2023-11-17,"9,3,6",
23308,2023-11-18,"6,1,9",
23309,2023-11-19,"3,2,9",
23310,2023-11-20,"4,1,7",
23311,2023-11-21,"5,8,3",
23312,2023-11-22,"4,4,2",
23313,2023-11-23,"4,1,4",
23314,2023-11-24,"3,5,5",
23315,2023-11-25,"7,4,7",
23316,2023-11-26,"2,3,4",
23317,2023-11-27,"3,9,7",
23318,2023-11-28,"7,9,0",
23319,2023-11-29,"9,6,5",
23320,2023-11-30,"6,9,7",
23321,2023-12-01,"2,1,1",
23322,2023-12-02,"1,7,4",
23323,2023-12-03,"9,4,5",
23324,2023-12-04,"6,0,2",
23325,2023-12-05,"7,1,7",
23326,2023-12-06,"7,9,0",
23327,2023-12-07,"3,1,4",
23328,2023-12-08,"8,8,2",
23329,2023-12-09,"2,8,9",
23330,2023-12-10,"5,3,1",
23331,2023-12-11,"4,0,2",
23332,2023-12-12,"6,6,7",
23333,2023-12-13,"9,8,9",
23334,2023-12-14,"5,8,7",
23335,2023-12-15,"0,4,7",
23336,2023-12-16,"8,2,1",
23337,2023-12-17,"8,4,6",
23338,2023-12-18,"3,8,0",
23339,2023-12-19,"4,8,2",
23340,2023-12-20,"0,8,9",
23341,2023-12-21,"3,4,1",
23342,2023-12-22,"9,7,8",
23343,2023-12-23,"7,3,0",
23344,2023-12-24,"8,0,1",
23345,2023-12-25,"6,7,8",
23346,2023-12-26,"2,5,8",
23347,2023-12-27,"7,4,2",
23348,2023-12-28,"5,9,7",
23349,2023-12-29,"9,2,3",
23350,2023-12-30,"1,9,7",
23351,2023-12-31,"5,7,1",
24001,2024-01-01,"4,0,3",
24002,2024-01-02,"5,4,4",
24003,2024-01-03,"6,6,6",
24004,2024-01-04,"6,6,5",
24005,2024-01-05,"2,5,9",
24006,2024-01-06,"2,8,4",
24007,2024-01-07,"8,8,8",
24008,2024-01-08,"4,0,5",
24009,2024-01-09,"8,1,5",
24010,2024-01-10,"2,8,1",
24011,2024-01-11,"0,8,0",
24012,2024-01-12,"0,8,1",
24013,2024-01-13,"9,8,5",
24014,2024-01-14,"1,8,7",
24015,2024-01-15,"4,7,5",
24016,2024-01-16,"7,0,2",
24017,2024-01-17,"5,5,5",
24018,2024-01-18,"8,5,9",
24019,2024-01-19,"3,1,3",
24020,2024-01-20,"4,0,6",
24021,2024-01-21,"3,7,0",
24022,2024-01-22,"1,2,4",
24023,2024-01-23,"7,9,3",
24024,2024-01-24,"1,9,9",
24025,2024-01-25,"3,1,4",
24026,2024-01-26,"7,5,1",
24027,2024-01-27,"5,0,2",
24028,2024-01-28,"2,5,9",
24029,2024-01-29,"5,7,5",
24030,2024-01-30,"9,5,1",
24031,2024-01-31,"6,8,2",
24032,2024-02-01,"8,0,5",
24033,2024-02-02,"7,3,9",
24034,2024-02-03,"0,1,7",
24035,2024-02-04,"3,0,6",
24036,2024-02-05,"5,4,7",
24037,2024-02-06,"9,1,0",
24038,2024-02-07,"5,2,9",
24039,2024-02-18,"5,0,8",
24040,2024-02-19,"5,1,4",
24041,2024-02-20,"9,0,5",
24042,2024-02-21,"3,4,2",
24043,2024-02-22,"2,9,6",
24044,2024-02-23,"8,8,5",
24045,2024-02-24,"7,5,7",
24046,2024-02-25,"7,0,2",
24047,2024-02-26,"7,6,0",
24048,2024-02-27,"3,9,6",
24049,2024-02-28,"6,3,1",
24050,2024-02-29,"4,9,5",
24051,2024-03-01,"6,7,4",
24052,2024-03-02,"9,9,5",
24053,2024-03-03,"9,5,8",
24054,2024-03-04,"2,2,1",
24055,2024-03-05,"1,7,3",
24056,2024-03-06,"7,8,8",
24057,2024-03-07,"7,6,5",
24058,2024-03-08,"0,6,5",
24059,2024-03-09,"6,2,9",
24060,2024-03-10,"3,5,7",
24061,2024-03-11,"2,5,0",
24062,2024-03-12,"7,8,4",
24063,2024-03-13,"6,5,1",
24064,2024-03-14,"1,3,2",
24065,2024-03-15,"9,0,3",
24066,2024-03-16,"8,0,3",
24067,2024-03-17,"5,4,9",
24068,2024-03-18,"2,3,9",
24069,2024-03-19,"4,1,1",
24070,2024-03-20,"8,9,1",
24071,2024-03-21,"2,5,8",
24072,2024-03-22,"3,4,1",
24073,2024-03-23,"5,9,0",
24074,2024-03-24,"6,2,9",
24075,2024-03-25,"2,8,5",
24076,2024-03-26,"9,6,8",
24077,2024-03-27,"6,2,6",
24078,2024-03-28,"1,2,6",
24079,2024-03-29,"8,8,9",
24080,2024-03-30,"0,1,2",
24081,2024-03-31,"9,2,8",
24082,2024-04-01,"5,7,1",
24083,2024-04-02,"2,3,2",
24084,2024-04-03,"5,4,9",
24085,2024-04-04,"4,9,3",
24086,2024-04-05,"2,7,8",
24087,2024-04-06,"1,6,1",
24088,2024-04-07,"8,1,9",
24089,2024-04-08,"1,1,7",
24090,2024-04-09,"2,0,6",
24091,2024-04-10,"1,9,6",
24092,2024-04-11,"1,5,0",
24093,2024-04-12,"9,3,5",
24094,2024-04-13,"2,7,1",
24095,2024-04-14,"1,7,5",
24096,2024-04-15,"4,6,3",
24097,2024-04-16,"8,6,3",
24098,2024-04-17,"2,4,7",
24099,2024-04-18,"1,0,2",
24100,2024-04-19,"1,5,7",
24101,2024-04-20,"0,3,0",
24102,2024-04-21,"2,1,5",
24103,2024-04-22,"5,5,1",
24104,2024-04-23,"4,7,4",
24105,2024-04-24,"2,1,0",
24106,2024-04-25,"5,3,3",
24107,2024-04-26,"4,9,9",
24108,2024-04-27,"2,5,2",
24109,2024-04-28,"2,4,3",
24110,2024-04-29,"6,2,9",
24111,2024-04-30,"3,3,6",
24112,2024-05-01,"2,1,8",
24113,2024-05-02,"3,4,5",
24114,2024-05-03,"5,4,8",
24115,2024-05-04,"6,2,0",
24116,2024-05-05,"3,4,8",
24117,2024-05-06,"1,8,5",
24118,2024-05-07,"7,3,3",
24119,2024-05-08,"2,5,5",
24120,2024-05-09,"5,2,9",
24121,2024-05-10,"5,1,8",
24122,2024-05-11,"2,4,6",
24123,2024-05-12,"5,3,8",
24124,2024-05-13,"8,3,5",
24125,2024-05-14,"7,0,6",
24126,2024-05-15,"3,7,9",
24127,2024-05-16,"7,4,4",
24128,2024-05-17,"0,1,7",
24129,2024-05-18,"2,7,8",
24130,2024-05-19,"1,2,2",
24131,2024-05-20,"5,7,1",
24132,2024-05-21,"6,0,4",
24133,2024-05-22,"2,8,1",
24134,2024-05-23,"6,6,0",
24135,2024-05-24,"8,9,1",
24136,2024-05-25,"0,6,2",
24137,2024-05-26,"1,2,8",
24138,2024-05-27,"9,9,7",
24139,2024-05-28,"5,3,6",
24140,2024-05-29,"5,2,0",
24141,2024-05-30,"8,0,4",
24142,2024-05-31,"4,2,6",
24143,2024-06-01,"1,8,5",
24144,2024-06-02,"1,4,7",
24145,2024-06-03,"2,0,5",
24146,2024-06-04,"9,9,1",
24147,2024-06-05,"5,5,8",
24148,2024-06-06,"3,4,3",
24149,2024-06-07,"6,7,6",
24150,2024-06-08,"1,2,9",
24151,2024-06-09,"9,0,0",
24152,2024-06-10,"9,3,6",
24153,2024-06-11,"3,8,9",
24154,2024-06-12,"9,8,3",
24155,2024-06-13,"8,8,9",
24156,2024-06-14,"1,7,2",
24157,2024-06-15,"2,1,1",
24158,2024-06-16,"6,0,6",
24159,2024-06-17,"4,3,0",
24160,2024-06-18,"4,2,5",
24161,2024-06-19,"6,4,9",
24162,2024-06-20,"3,2,0",
24163,2024-06-21,"5,1,4",
24164,2024-06-22,"0,0,6",
24165,2024-06-23,"9,3,2",
24166,2024-06-24,"4,7,9",
24167,2024-06-25,"5,0,7",
24168,2024-06-26,"5,4,1",
24169,2024-06-27,"7,5,9",
24170,2024-06-28,"0,3,1",
24171,2024-06-29,"0,7,0",
24172,2024-06-30,"4,0,0",
24173,2024-07-01,"6,5,8",
24174,2024-07-02,"1,9,1",
24175,2024-07-03,"1,9,5",
24176,2024-07-04,"9,3,2",
24177,2024-07-05,"5,7,9",
24178,2024-07-06,"6,6,3",
24179,2024-07-07,"5,3,5",
24180,2024-07-08,"2,1,5",
24181,2024-07-09,"3,2,3",
24182,2024-07-10,"2,8,2",
24183,2024-07-11,"5,0,0",
24184,2024-07-12,"7,3,0",
24185,2024-07-13,"8,8,4",
24186,2024-07-14,"3,6,7",
24187,2024-07-15,"8,8,3",
24188,2024-07-16,"0,2,4",
24189,2024-07-17,"7,9,3",
24190,2024-07-18,"6,4,4",
24191,2024-07-19,"4,3,9",
24192,2024-07-20,"3,4,0",
24193,2024-07-21,"0,0,6",
24194,2024-07-22,"0,7,8",
24195,2024-07-23,"5,1,7",
24196,2024-07-24,"5,3,9",
24197,2024-07-25,"1,0,5",
24198,2024-07-26,"5,5,0",
24199,2024-07-27,"5,5,8",
24200,2024-07-28,"3,8,0",
24201,2024-07-29,"5,1,5",
24202,2024-07-30,"1,8,7",
24203,2024-07-31,"5,9,2",
24204,2024-08-01,"0,4,7",
24205,2024-08-02,"2,4,1",
24206,2024-08-03,"4,4,6",
24207,2024-08-04,"9,8,2",
24208,2024-08-05,"9,7,3",
24209,2024-08-06,"5,3,5",
24210,2024-08-07,"2,8,5",
24211,2024-08-08,"6,4,9",
24212,2024-08-09,"7,2,7",
24213,2024-08-10,"7,3,4",
24214,2024-08-11,"1,4,5",
24215,2024-08-12,"8,7,7",
24216,2024-08-13,"8,4,8",
24217,2024-08-14,"1,1,1",
24218,2024-08-15,"2,9,1",
24219,2024-08-16,"9,7,1",
24220,2024-08-17,"7,2,4",
24221,2024-08-18,"5,0,0",
24222,2024-08-19,"9,9,3",
24223,2024-08-20,"5,4,9",
24224,2024-08-21,"8,3,5",
24225,2024-08-22,"7,5,8",
24226,2024-08-23,"2,3,2",
24227,2024-08-24,"9,9,5",
24228,2024-08-25,"2,7,4",
24229,2024-08-26,"9,2,6",
24230,2024-08-27,"0,8,8",
24231,2024-08-28,"6,9,6",
24232,2024-08-29,"2,9,7",
24233,2024-08-30,"4,9,8",
24234,2024-08-31,"2,7,5",
24235,2024-09-01,"9,5,4",
24236,2024-09-02,"3,7,6",
24237,2024-09-03,"3,5,6",
24238,2024-09-04,"4,3,0",
24239,2024-09-05,"1,6,8",
24240,2024-09-06,"8,1,5",
24241,2024-09-07,"0,6,3",
24242,2024-09-08,"1,8,8",
24243,2024-09-09,"9,1,6",
24244,2024-09-10,"3,6,8",
24245,2024-09-11,"1,8,4",
24246,2024-09-12,"8,1,6",
24247,2024-09-13,"4,3,4",
24248,2024-09-14,"9,5,4",
24249,2024-09-15,"1,9,8",
24250,2024-09-16,"6,0,6",
24251,2024-09-17,"3,5,6",
24252,2024-09-18,"7,0,0",
24253,2024-09-19,"1,4,8",
24254,2024-09-20,"4,2,3",
24255,2024-09-21,"1,5,5",
24256,2024-09-22,"5,4,9",
24257,2024-09-23,"0,0,8",
24258,2024-09-24,"6,9,0",
24259,2024-09-25,"4,4,4",
24260,2024-09-26,"5,2,3",
24261,2024-09-27,"1,9,5",
24262,2024-09-28,"2,1,6",
24263,2024-09-29,"4,0,4",
24264,2024-09-30,"3,4,7",
24265,2024-10-05,"7,0,1",
24266,2024-10-06,"1,4,3",
24267,2024-10-07,"8,4,1",
24268,2024-10-08,"8,3,1",
24269,2024-10-09,"3,2,4",
24270,2024-10-10,"8,0,1",
24271,2024-10-11,"3,9,5",
24272,2024-10-12,"4,3,6",
24273,2024-10-13,"8,1,2",
24274,2024-10-14,"2,7,4",
24275,2024-10-15,"6,8,1",
24276,2024-10-16,"0,8,8",
24277,2024-10-17,"6,2,3",
24278,2024-10-18,"1,3,4",
24279,2024-10-19,"8,8,6",
24280,2024-10-20,"8,5,9",
24281,2024-10-21,"4,6,5",
24282,2024-10-22,"9,0,5",
24283,2024-10-23,"2,8,5",
24284,2024-10-24,"0,3,4",
24285,2024-10-25,"3,4,7",
24286,2024-10-26,"1,5,6",
24287,2024-10-27,"9,4,5",
24288,2024-10-28,"8,1,0",
24289,2024-10-29,"0,0,6",
24290,2024-10-30,"0,0,4",
24291,2024-10-31,"3,4,0",
24292,2024-11-01,"0,3,0",
24293,2024-11-02,"0,4,4",
24294,2024-11-03,"7,0,1",
24295,2024-11-04,"5,5,2",
24296,2024-11-05,"8,9,8",
24297,2024-11-06,"0,3,7",
24298,2024-11-07,"6,8,0",
24299,2024-11-08,"5,8,1",
24300,2024-11-09,"9,3,3",
24301,2024-11-10,"8,7,7",
24302,2024-11-11,"3,9,8",
24303,2024-11-12,"2,0,1",
24304,2024-11-13,"4,2,5",
24305,2024-11-14,"8,4,1",
24306,2024-11-15,"5,0,8",
24307,2024-11-16,"5,8,2",
24308,2024-11-17,"8,4,3",
24309,2024-11-18,"4,8,3",
24310,2024-11-19,"7,1,8",
24311,2024-11-20,"5,3,3",
24312,2024-11-21,"4,1,3",
24313,2024-11-22,"4,7,1",
24314,2024-11-23,"0,8,0",
24315,2024-11-24,"0,7,1",
24316,2024-11-25,"3,3,2",
24317,2024-11-26,"3,5,5",
24318,2024-11-27,"2,4,3",
24319,2024-11-28,"7,9,3",
24320,2024-11-29,"8,6,3",
24321,2024-11-30,"0,5,0",
24322,2024-12-01,"6,7,8",
24323,2024-12-02,"9,1,4",
24324,2024-12-03,"6,3,0",
24325,2024-12-04,"0,2,3",
24326,2024-12-05,"2,5,7",
24327,2024-12-06,"1,3,4",
24328,2024-12-07,"1,2,5",
24329,2024-12-08,"1,4,7",
24330,2024-12-09,"8,1,1",
24331,2024-12-10,"7,1,2",
24332,2024-12-11,"6,7,9",
24333,2024-12-12,"8,4,8",
24334,2024-12-13,"7,4,6",
24335,2024-12-14,"4,9,9",
24336,2024-12-15,"2,4,9",
24337,2024-12-16,"1,7,2",
24338,2024-12-17,"1,5,5",
24339,2024-12-18,"9,1,8",
24340,2024-12-19,"0,3,1",
24341,2024-12-20,"6,5,3",
24342,2024-12-21,"0,8,4",
24343,2024-12-22,"4,8,1",
24344,2024-12-23,"5,4,6",
24345,2024-12-24,"6,2,0",
24346,2024-12-25,"6,7,7",
24347,2024-12-26,"8,9,3",
24348,2024-12-27,"1,9,2",
24349,2024-12-28,"9,0,7",
24350,2024-12-29,"2,2,0",
24351,2024-12-30,"7,8,8",
24352,2024-12-31,"6,9,1",
25001,2025-01-01,"1,2,3",
25002,2025-01-02,"9,0,0",
25003,2025-01-03,"1,6,8",
25004,2025-01-04,"3,5,1",
25005,2025-01-05,"6,1,7",
25006,2025-01-06,"6,5,6",
25007,2025-01-07,"3,6,2",
25008,2025-01-08,"1,2,8",
25009,2025-01-09,"8,0,6",
25010,2025-01-10,"1,4,3",
25011,2025-01-11,"0,2,7",
25012,2025-01-12,"4,7,1",
25013,2025-01-13,"9,7,8",
25014,2025-01-14,"5,0,8",
25015,2025-01-15,"3,9,8",
25016,2025-01-16,"9,6,3",
25017,2025-01-17,"9,5,6",
25018,2025-01-18,"2,9,2",
25019,2025-01-19,"7,3,4",
25020,2025-01-20,"1,5,9",
25021,2025-01-21,"3,4,6",
25022,2025-01-22,"4,8,4",
25023,2025-01-23,"7,8,8",
25024,2025-01-24,"2,2,8",
25025,2025-01-25,"6,7,7",
25026,2025-01-26,"3,4,6",
25027,2025-02-06,"0,4,8",
25028,2025-02-07,"8,2,2",
25029,2025-02-08,"4,8,9",
25030,2025-02-09,"2,9,7",
25031,2025-02-10,"5,1,3",
25032,2025-02-11,"3,9,2",
25033,2025-02-12,"9,3,4",
25034,2025-02-13,"3,0,9",
25035,2025-02-14,"8,4,9",
25036,2025-02-15,"5,2,1",
25037,2025-02-16,"5,7,8",
25038,2025-02-17,"3,6,6",
25039,2025-02-18,"5,8,8",
25040,2025-02-19,"8,7,5",
25041,2025-02-20,"9,1,6",
25042,2025-02-21,"6,7,5",
25043,2025-02-22,"5,5,2",
25044,2025-02-23,"8,0,5",
25045,2025-02-24,"7,2,2",
25046,2025-02-25,"3,7,2",
25047,2025-02-26,"8,0,6",
25048,2025-02-27,"5,7,0",
25049,2025-02-28,"0,3,7",
25050,2025-03-01,"5,7,0",
25051,2025-03-02,"9,7,3",
25052,2025-03-03,"3,3,7",
25053,2025-03-04,"8,9,9",
25054,2025-03-05,"3,8,4",
25055,2025-03-06,"9,1,6",
25056,2025-03-07,"7,1,6",
25057,2025-03-08,"7,6,5",
25058,2025-03-09,"6,7,2",
25059,2025-03-10,"7,7,1",
25060,2025-03-11,"7,9,3",
25061,2025-03-12,"4,9,0",
25062,2025-03-13,"2,5,7",
25063,2025-03-14,"4,6,6",
25064,2025-03-15,"6,5,6",
25065,2025-03-16,"9,9,0",
25066,2025-03-17,"1,8,4",
25067,2025-03-18,"6,7,1",
25068,2025-03-19,"9,7,5",
25069,2025-03-20,"9,3,4",
25070,2025-03-21,"7,7,1",
25071,2025-03-22,"4,6,2",
25072,2025-03-23,"9,3,5",
25073,2025-03-24,"1,3,2",
25074,2025-03-25,"1,7,9",
25075,2025-03-26,"7,4,3",
25076,2025-03-27,"4,0,7",
25077,2025-03-28,"4,2,5",
25078,2025-03-29,"1,1,3",
25079,2025-03-30,"2,9,6",
25080,2025-03-31,"7,3,8",
25081,2025-04-01,"7,6,6",
25082,2025-04-02,"3,4,4",
25083,2025-04-03,"5,9,3",
25084,2025-04-04,"3,0,4",
25085,2025-04-05,"3,5,3",
25086,2025-04-06,"6,3,4",
25087,2025-04-07,"8,4,5",
25088,2025-04-08,"2,2,2",
25089,2025-04-09,"2,0,8",
25090,2025-04-10,"9,9,3",
25091,2025-04-11,"8,3,0",
25092,2025-04-12,"7,2,1",
25093,2025-04-13,"4,3,2",
25094,2025-04-14,"5,3,4",
25095,2025-04-15,"6,7,2",
25096,2025-04-16,"9,4,8",
25097,2025-04-17,"1,7,1",
25098,2025-04-18,"1,9,2",
25099,2025-04-19,"1,7,4",
25100,2025-04-20,"9,9,7",
25101,2025-04-21,"9,1,1",
25102,2025-04-22,"2,3,3",
25103,2025-04-23,"4,7,1",
25104,2025-04-24,"1,4,4",
25105,2025-04-25,"0,8,4",
25106,2025-04-26,"0,7,6",
25107,2025-04-27,"7,2,6",
25108,2025-04-28,"8,7,7",
25109,2025-04-29,"6,1,9",
25110,2025-04-30,"1,1,6",
25111,2025-05-01,"5,8,8",
25112,2025-05-02,"4,8,3",
25113,2025-05-03,"0,2,9",
25114,2025-05-04,"1,9,2",
25115,2025-05-05,"8,4,7",
25116,2025-05-06,"3,6,0",
25117,2025-05-07,"1,7,0",
25118,2025-05-08,"2,5,5",
25119,2025-05-09,"7,0,3",
25120,2025-05-10,"4,0,1",
25121,2025-05-11,"4,2,4",
25122,2025-05-12,"0,3,0",
25123,2025-05-13,"8,4,2",
25124,2025-05-14,"5,2,7",
25125,2025-05-15,"6,2,7",
25126,2025-05-16,"1,8,4",
25127,2025-05-17,"4,9,2",
25128,2025-05-18,"8,7,0",
25129,2025-05-19,"1,8,9",
25130,2025-05-20,"0,6,8",
25131,2025-05-21,"3,6,7",
25132,2025-05-22,"2,7,5",
25133,2025-05-23,"8,6,6",
25134,2025-05-24,"5,1,0",
25135,2025-05-25,"8,1,6",
25136,2025-05-26,"3,2,4",
25137,2025-05-27,"7,2,1",
25138,2025-05-28,"8,9,5",
25139,2025-05-29,"1,5,5",
25140,2025-05-30,"2,6,7",
25141,2025-05-31,"4,7,5",
25142,2025-06-01,"3,4,3",
25143,2025-06-02,"9,4,4",
25144,2025-06-03,"3,8,9",
25145,2025-06-04,"4,7,1",
25146,2025-06-05,"8,2,2",
25147,2025-06-06,"0,2,3",
25148,2025-06-07,"5,5,7",
25149,2025-06-08,"7,7,2",
25150,2025-06-09,"2,1,2",
25151,2025-06-10,"6,8,6",
25152,2025-06-11,"7,4,7",
25153,2025-06-12,"8,9,4",
25154,2025-06-13,"9,8,9",
25155,2025-06-14,"0,4,0",
25156,2025-06-15,"6,3,8",
25157,2025-06-16,"2,5,0",
25158,2025-06-17,"8,8,2",
25159,2025-06-18,"2,7,4",
25160,2025-06-19,"1,7,1",
25161,2025-06-20,"2,4,8",
25162,2025-06-21,"3,1,7",
25163,2025-06-22,"7,6,6",
25164,2025-06-23,"5,1,9",
25165,2025-06-24,"1,0,3",
25166,2025-06-25,"6,9,6",
25167,2025-06-26,"2,6,7",
25168,2025-06-27,"2,0,3",
25169,2025-06-28,"6,9,9",
25170,2025-06-29,"5,0,2",
25171,2025-06-30,"1,0,5",
25172,2025-07-01,"7,2,4",
25173,2025-07-02,"6,7,3",
25174,2025-07-03,"1,3,1",
25175,2025-07-04,"4,1,3",
25176,2025-07-05,"9,4,9",
25177,2025-07-06,"9,7,7",
25178,2025-07-07,"7,1,4",
25179,2025-07-08,"9,7,2",
25180,2025-07-09,"8,8,9",
25181,2025-07-10,"8,9,4",
25182,2025-07-11,"7,2,1",
25183,2025-07-12,"1,7,7",
25184,2025-07-13,"2,2,1",
25185,2025-07-14,"3,0,8",
25186,2025-07-15,"5,1,4",
25187,2025-07-16,"6,4,1",
25188,2025-07-17,"6,2,3",
25189,2025-07-18,"5,5,6",
25190,2025-07-19,"4,9,9",
25191,2025-07-20,"6,6,9",
25192,2025-07-21,"6,8,3",
25193,2025-07-22,"2,6,5",
25194,2025-07-23,"2,7,0",
25195,2025-07-24,"2,1,0",
25196,2025-07-25,"9,4,1",
25197,2025-07-26,"8,6,9",
25198,2025-07-27,"7,1,7",
25199,2025-07-28,"4,8,5",
25200,2025-07-29,"2,1,1",
25201,2025-07-30,"4,0,1",
25202,2025-07-31,"2,5,3",
25203,2025-08-01,"7,3,5",
25204,2025-08-02,"8,3,0",
25205,2025-08-03,"7,8,3",
25206,2025-08-04,"6,0,5",
25207,2025-08-05,"1,5,4",
25208,2025-08-06,"3,0,9",
25209,2025-08-07,"9,2,1",
25210,2025-08-08,"6,2,2",
25211,2025-08-09,"0,5,0",
25212,2025-08-10,"2,2,3",
25213,2025-08-11,"8,6,8",
25214,2025-08-12,"1,7,6",
25215,2025-08-13,"6,9,5",
25216,2025-08-14,"4,1,0",
25217,2025-08-15,"2,4,2",
25218,2025-08-16,"3,0,7",
25219,2025-08-17,"7,8,4",
25220,2025-08-18,"3,5,3",
25221,2025-08-19,"7,9,1",
25222,2025-08-20,"6,6,0",
25223,2025-08-21,"7,9,5",
25224,2025-08-22,"0,2,1",
25225,2025-08-23,"0,0,9",
25226,2025-08-24,"3,7,3",
25227,2025-08-25,"4,5,3",
25228,2025-08-26,"1,6,4",
25229,2025-08-27,"1,2,3",
25230,2025-08-28,"1,7,8",
25231,2025-08-29,"2,5,8",
25232,2025-08-30,"3,9,7",
25233,2025-08-31,"1,4,3",
25234,2025-09-01,"2,8,2",
25235,2025-09-02,"3,2,1",
25236,2025-09-03,"1,5,1",
25237,2025-09-04,"7,1,3",
25238,2025-09-05,"7,5,4",
25239,2025-09-06,"2,2,0",
25240,2025-09-07,"6,2,7",
25241,2025-09-08,"2,8,6",
25242,2025-09-09,"5,2,3",
25243,2025-09-10,"8,1,2",
25244,2025-09-11,"7,5,8",
25245,2025-09-12,"9,9,4",
25246,2025-09-13,"2,0,7",
25247,2025-09-14,"3,6,4",
25248,2025-09-15,"9,8,3",
25249,2025-09-16,"5,3,2",
25250,2025-09-17,"1,7,8",
25251,2025-09-18,"5,5,8",
25252,2025-09-19,"1,9,0",
25253,2025-09-20,"6,9,3",
25254,2025-09-21,"6,2,8",
25255,2025-09-22,"5,8,3",
25256,2025-09-23,"7,9,7",
25257,2025-09-24,"5,6,1",
25258,2025-09-25,"0,3,8",
25259,2025-09-26,"4,2,0",
25260,2025-09-27,"5,1,4",
25261,2025-09-28,"8,7,7",
25262,2025-09-29,"5,1,2",
25263,2025-09-30,"1,4,8",
25264,2025-10-05,"2,0,2",
25265,2025-10-06,"2,8,1",
25266,2025-10-07,"7,4,2",
25267,2025-10-08,"8,5,6",
25268,2025-10-09,"3,2,1",
25269,2025-10-10,"8,7,5",
25270,2025-10-11,"0,1,8",
25271,2025-10-12,"8,9,8",
25272,2025-10-13,"7,6,7",
25273,2025-10-14,"4,1,7",
25274,2025-10-15,"7,8,7",
25275,2025-10-16,"1,5,0",
25276,2025-10-17,"9,8,2",
25277,2025-10-18,"4,3,2",
25278,2025-10-19,"6,2,7",
25279,2025-10-20,"3,7,5",
25280,2025-10-21,"5,3,9",
25281,2025-10-22,"7,0,7",
25282,2025-10-23,"0,9,6",
25283,2025-10-24,"0,5,7",
25284,2025-10-25,"2,4,7",
25285,2025-10-26,"9,0,5",
25286,2025-10-27,"6,4,1",
25287,2025-10-28,"1,8,0",
25288,2025-10-29,"5,0,4",
25289,2025-10-30,"6,8,5",
25290,2025-10-31,"1,2,5",
25291,2025-11-01,"9,4,8",
25292,2025-11-02,"6,7,3",
25293,2025-11-03,"0,9,4",
25294,2025-11-04,"9,9,4",
25295,2025-11-05,"1,2,4",
25296,2025-11-06,"0,5,2",
25297,2025-11-07,"4,5,3",
25298,2025-11-08,"1,4,1",
25299,2025-11-09,"3,0,0",
25300,2025-11-10,"8,4,3",
25301,2025-11-11,"5,8,2",
25302,2025-11-12,"0,1,6",
25303,2025-11-13,"9,4,3",
25304,2025-11-14,"0,7,9",
25305,2025-11-15,"4,9,7",
25306,2025-11-16,"1,7,8",
25307,2025-11-17,"6,1,8",
25308,2025-11-18,"2,3,4",
25309,2025-11-19,"5,2,7",
25310,2025-11-20,"0,1,6",
25311,2025-11-21,"1,1,4",
25312,2025-11-22,"1,0,9",
25313,2025-11-23,"4,4,5",
25314,2025-11-24,"8,0,2",
25315,2025-11-25,"9,7,3",
25316,2025-11-26,"9,1,8",
25317,2025-11-27,"7,5,6",
25318,2025-11-28,"4,3,8",
25319,2025-11-29,"8,6,5",
25320,2025-11-30,"7,2,5",
25321,2025-12-01,"5,6,8",
25322,2025-12-02,"1,4,8",
25323,2025-12-03,"6,8,7",
25324,2025-12-04,"5,1,3",
25325,2025-12-05,"8,3,6",
25326,2025-12-06,"0,4,5",
25327,2025-12-07,"8,2,9",
25328,2025-12-08,"8,2,5",
25329,2025-12-09,"3,7,0",
25330,2025-12-10,"5,9,4",
25331,2025-12-11,"9,8,0",
25332,2025-12-12,"9,3,9",
25333,2025-12-13,"9,6,1",
25334,2025-12-14,"5,8,3",
25335,2025-12-15,"2,7,6",
25336,2025-12-16,"4,1,2",
25337,2025-12-17,"5,5,4",
25338,2025-12-18,"1,6,4",
25339,2025-12-19,"9,0,0",
25340,2025-12-20,"2,5,5",
25341,2025-12-21,"8,1,7",
25342,2025-12-22,"0,7,9",
25343,2025-12-23,"0,1,2",
25344,2025-12-24,"4,9,5",
25345,2025-12-25,"4,3,1",
25346,2025-12-26,"8,2,6",
25347,2025-12-27,"6,9,5",
25348,2025-12-28,"3,7,3",
25349,2025-12-29,"0,3,2",
25350,2025-12-30,"6,7,3",
25351,2025-12-31,"6,1,7",
26001,2026-01-01,"8,3,0",
26002,2026-01-02,"6,8,9",
26003,2026-01-03,"0,8,6",
26004,2026-01-04,"8,7,8",
26005,2026-01-05,"0,6,1",
26006,2026-01-06,"7,1,8",
26007,2026-01-07,"1,2,6",
26008,2026-01-08,"5,0,9",
26009,2026-01-09,"2,4,8",
26010,2026-01-10,"9,2,0",
26011,2026-01-11,"0,3,0",
26012,2026-01-12,"5,2,2",
26013,2026-01-13,"4,7,7",
26014,2026-01-14,"8,3,3",
26015,2026-01-15,"2,0,2",
26016,2026-01-16,"2,1,5",
26017,2026-01-17,"1,1,2",
26018,2026-01-18,"8,9,6",
26019,2026-01-19,"8,4,8",
26020,2026-01-20,"0,9,5",
26021,2026-01-21,"2,6,3",
26022,2026-01-22,"2,5,5",
26023,2026-01-23,"4,9,5",
26024,2026-01-24,"2,6,8",
26025,2026-01-25,"1,8,1",
26026,2026-01-26,"2,9,1",
26027,2026-01-27,"0,8,4",
26028,2026-01-28,"4,9,9",
26029,2026-01-29,"6,1,3",
26030,2026-01-30,"8,1,1",
26031,2026-01-31,"7,8,6",
26032,2026-02-01,"7,3,0",
26033,2026-02-02,"1,4,1",
26034,2026-02-03,"2,1,6",
26035,2026-02-04,"7,1,7",
26036,2026-02-05,"7,8,8",
26037,2026-02-06,"7,2,4",
26038,2026-02-07,"7,8,9",
26039,2026-02-08,"8,5,2",
26040,2026-02-09,"0,0,9",
26041,2026-02-10,"6,3,9",
26042,2026-02-11,"7,9,5",
26043,2026-02-12,"1,7,9",
26044,2026-02-13,"0,5,1",
26045,2026-02-24,"1,4,4",
26046,2026-02-25,"7,0,3",
26047,2026-02-26,"3,3,0",
26048,2026-02-27,"0,9,7",
26049,2026-02-28,"5,9,2",
26050,2026-03-01,"4,3,5",
26051,2026-03-02,"0,4,5",
26052,2026-03-03,"6,4,9",
26053,2026-03-04,"7,4,4",
26054,2026-03-05,"6,5,5",
26055,2026-03-06,"5,3,7",
26056,2026-03-07,"1,1,9",
26057,2026-03-08,"4,7,9",
26058,2026-03-09,"5,9,0",
26059,2026-03-10,"2,0,9",
26060,2026-03-11,"1,1,8",
26061,2026-03-12,"3,4,7",
26062,2026-03-13,"3,1,5",
26063,2026-03-14,"7,2,3",
26064,2026-03-15,"5,2,8",
26065,2026-03-16,"8,5,1",
26066,2026-03-17,"8,0,7",
26067,2026-03-18,"4,2,8",
26068,2026-03-19,"8,4,0",
26069,2026-03-20,"1,1,4",
26070,2026-03-21,"1,3,1",
26071,2026-03-22,"5,5,1",
26072,2026-03-23,"1,1,5",
26073,2026-03-24,"3,2,5",
26074,2026-03-25,"4,0,6",
26075,2026-03-26,"4,3,7",
26076,2026-03-27,"4,1,9",
26077,2026-03-28,"7,8,0",
26078,2026-03-29,"6,3,4",
26079,2026-03-30,"1,9,5",
26080,2026-03-31,"7,7,0",
26081,2026-04-01,"6,9,0",
26082,2026-04-02,"0,4,8",
26083,2026-04-03,"9,0,3",
26084,2026-04-04,"0,0,4",
26085,2026-04-05,"0,2,0",
26086,2026-04-06,"3,3,4",
26087,2026-04-07,"0,7,0",
26088,2026-04-08,"4,7,4",
26089,2026-04-09,"2,1,6",
26090,2026-04-10,"9,5,4",
26091,2026-04-11,"2,0,2",
26092,2026-04-12,"7,6,1",
26093,2026-04-13,"9,9,8",
26094,2026-04-14,"9,3,8",
26095,2026-04-15,"5,6,8",
26096,2026-04-16,"6,4,3",
26097,2026-04-17,"2,2,6",
26098,2026-04-18,"9,7,4",
26099,2026-04-19,"4,2,4",
26100,2026-04-20,"2,0,7",
26101,2026-04-21,"0,9,0",
26102,2026-04-22,"4,9,0",
26103,2026-04-23,"9,0,1",
26104,2026-04-24,"7,8,6",
26105,2026-04-25,"2,1,7",
26106,2026-04-26,"3,4,3",
26107,2026-04-27,"1,5,4",
26108,2026-04-28,"6,5,6",
26109,2026-04-29,"0,8,8",
26110,2026-04-30,"3,4,3",
26111,2026-05-01,"8,7,7",
26112,2026-05-02,"6,5,2",
26113,2026-05-03,"9,2,5",
26114,2026-05-04,"0,1,7",
26115,2026-05-05,"3,3,3",
26116,2026-05-06,"9,5,1",
26117,2026-05-07,"0,9,1",
26118,2026-05-08,"2,7,2",
26119,2026-05-09,"2,2,2",
26120,2026-05-10,"2,9,6",
26121,2026-05-11,"0,4,0",
26122,2026-05-12,"7,4,7",
26123,2026-05-13,"9,5,5",
26124,2026-05-14,"7,8,5",
26125,2026-05-15,"8,6,7",
26126,2026-05-16,"8,3,5",
26127,2026-05-17,"9,3,6",
26128,2026-05-18,"5,1,2",
26129,2026-05-19,"6,8,3",
26130,2026-05-20,"0,7,0",
26131,2026-05-21,"9,6,8",
26132,2026-05-22,"4,4,3",
26133,2026-05-23,"5,4,3",
26134,2026-05-24,"5,1,5",
26135,2026-05-25,"9,3,9",
26136,2026-05-26,"4,6,6",
26137,2026-05-27,"5,4,4",
26138,2026-05-28,"2,6,3",
26139,2026-05-29,"1,9,8",
26140,2026-05-30,"4,2,1",
26141,2026-05-31,"2,1,5",
26142,2026-06-01,"9,1,6",
26143,2026-06-02,"7,4,4",
26144,2026-06-03,"4,6,2",
26145,2026-06-04,"9,9,3",
26146,2026-06-05,"1,5,4",
26147,2026-06-06,"5,9,0",
26148,2026-06-07,"0,6,5",
26149,2026-06-08,"3,2,5",
26150,2026-06-09,"3,4,0",
26151,2026-06-10,"9,8,3",
26152,2026-06-11,"1,5,1",
26153,2026-06-12,"3,8,9",
26154,2026-06-13,"4,7,3",
26155,2026-06-14,"4,8,5",
26156,2026-06-15,"6,4,1",
26157,2026-06-16,"8,3,0",
26158,2026-06-17,"9,1,1",
26159,2026-06-18,"5,5,7",
26160,2026-06-19,"5,5,1",
26161,2026-06-20,"5,6,2",
26162,2026-06-21,"3,6,9",
26163,2026-06-22,"3,4,6",
26164,2026-06-23,"7,1,5",
26165,2026-06-24,"2,9,4",
26166,2026-06-25,"2,2,9",
26167,2026-06-26,"0,1,2",
26168,2026-06-27,"1,9,2",
26169,2026-06-28,"8,8,4",
26170,2026-06-29,"4,1,7",
26171,2026-06-30,"0,4,8",
26172,2026-07-01,"7,7,1",
26173,2026-07-02,"2,5,9",
26174,2026-07-03,"1,5,7",
26175,2026-07-04,"8,3,8",
26176,2026-07-05,"5,8,4",
26177,2026-07-06,"8,2,6",
26178,2026-07-07,"8,3,7",
26179,2026-07-08,"3,9,6",
26180,2026-07-09,"0,0,5",
26181,2026-07-10,"1,2,4",
26182,2026-07-11,"3,1,3",
26183,2026-07-12,"3,5,2",
26184,2026-07-13,"1,4,2",
26185,2026-07-14,"7,8,5",
26186,2026-07-15,"6,6,5",
26187,2026-07-16,"0,8,6",
26188,2026-07-17,"6,0,7",
26189,2026-07-18,"9,5,0",
26190,2026-07-19,"5,5,4",
26191,2026-07-20,"0,6,9",
26192,2026-07-21,"3,0,6",
26193,2026-07-22,"1,8,0",
26194,2026-07-23,"7,0,1",
26195,2026-07-24,"5,9,5",
26196,2026-07-25,"7,2,6",
26197,2026-07-26,"4,7,3",
26198,2026-07-27,"7,1,9",
26199,2026-07-28,"3,0,5",
26200,2026-07-29,"0,7,7",
26201,2026-07-30,"8,6,2",
26202,2026-07-31,"9,6,1",
26203,2026-08-01,"1,3,5",
26204,2026-08-02,"6,7,4",
26205,2026-08-03,"8,0,6",
26206,2026-08-04,"7,0,9",
26207,2026-08-05,"8,6,6",
26208,2026-08-06,"4,7,1",
26209,2026-08-07,"9,8,2",
26210,2026-08-08,"0,9,4",
26211,2026-08-09,"5,1,5",
26212,2026-08-10,"8,3,9",
26213,2026-08-11,"7,4,0",
26214,2026-08-12,"0,1,4",
26215,2026-08-13,"9,2,7",
26216,2026-08-14,"9,5,3",
26217,2026-08-15,"0,1,9",
26218,2026-08-16,"0,7,9",
26219,2026-08-17,"6,6,2",
26220,2026-08-18,"4,8,2",
26221,2026-08-19,"9,6,9",
26222,2026-08-20,"8,7,7",
26223,2026-08-21,"2,2,3",
26224,2026-08-22,"9,1,2",
26225,2026-08-23,"1,1,6",
26226,2026-08-24,"2,0,1",
26227,2026-08-25,"4,3,1",
26228,2026-08-26,"5,6,0",
26229,2026-08-27,"2,8,0",
26230,2026-08-28,"9,4,6",
26231,2026-08-29,"1,8,7",
26232,2026-08-30,"8,0,2",
